garment_id,csv_article_type,csv_product_name,raw_materials_care_desc,raw_description_text,source_conflict_detail,primary_material,material_source,composition_status,scoring_eligibility
28690,Kurtas,W Women Printed Beige Kurta,,"Composition Beige printed round neck kurta made of 100% cotton, has short raglan sleeves, flaring pin-tucks at the chest, buttoned placket at the back chest and a vented hem Fit Regular Wash care Wash dark colours separately Do not bleach Dry inside out in shade Warm iron Every woman needs a choice of kurtas in her wardrobe. The USP of w is a simple, elegant silhouette, coupled with modern design details. In this kurta we see the traditional garment in a new avatar with w's innovative styling. For the conservative at heart, this piece can be worn with leggings and delicate sandals. For a boho chick meets rebel style, colour block this with bright capris. Model statistics The product is a size 8 on a model of height 5'8"" and chest 33""",structured=['silk']; detailed_text=['cotton'],cotton,description,exact_single_fibre_percentage,eligible_exact_single_fibre
31312,Kurtas,W Women Peach Kurta,,"Style Note Every woman needs a choice of kurtas in her wardrobe. The USP of w is a simple, elegant silhouette, coupled with modern design details. In this kurta we see the traditional garment in a new avatar with W's innovative styling. For the conservative at heart, this piece can be worn with leggings and delicate sandals. For a boho chick meets rebel style, colour block this with bright capris. Product Details Peach printed kurta made of 100% viscose, has a V-neckline, short sleeves and has a vented hem Material and Care 100% viscose Wash care Wash dark colours separately Do not bleach Dry inside out in shade Warm iron do not iron on decorations Size and Fit Regular fit The model (height 5'8"" and chest 32"") is wearing a size M",structured=['silk']; detailed_text=['viscose'],viscose,description,exact_single_fibre_percentage,eligible_exact_single_fibre
23871,Tshirts,ADIDAS Men Grey Striped T-shirt,,"Composition Grey and green striped polo neck T-shirt made of 100% polyester, has a ribbed spread collar, half buttoned placket, short sleeves with ribbed cuffs and a vented hem Fit Regular Wash care Do not machine wash Wash with like colours using a mild detergent only Wash and iron inside out Do not use fabric softener Do not iron on motif/print/trims/logo Lightweight and quick drying, this polo neck T-shirt from adidas gives a great comfortable feel and looks stylish. This tee keeps you dry and comfortable throughout an active day or during hectic training schedules. Team this with jeans or chinos and adidas shoes for a round of golf or for an action filled day in the Sports club. Model statistics The product is a size M on a model of height 6' and shoulders 18""",structured=['cotton']; detailed_text=['polyester'],polyester,description,exact_single_fibre_percentage,eligible_exact_single_fibre
28697,Kurtas,W Women Printed Black Kurta,,"Composition Cream and black printed kurta made of 100% polyester, has a round neck with tape detailing, cap sleeves, a press buttoned chest placket and a small pocket detail on the left chest Fit Regular Wash care Wash dark colours separately Do not bleach Dry inside out in shade Warm iron; do not iron on decorations Every woman needs a choice of kurtas in her wardrobe. The USP of w is a simple, elegant silhouette, coupled with modern design details. In this kurta we see the traditional garment in a new avatar with w's innovative styling. For the conservative at heart, this piece can be worn with leggings and delicate sandals. For a boho chick meets rebel style, colour block this with bright capris. Model statistics The product is a size 8 on a model of height 5'8"", chest 33""",structured=['silk']; detailed_text=['polyester'],polyester,description,exact_single_fibre_percentage,eligible_exact_single_fibre
15174,Tshirts,Arrow Men Yellow Polo T-shirt,2/60 mercerised cotton Gentle machine wash in cold water with like colours inside out using a mild detergent Do not bleach or wring Tumble dry low Dry inside out in shade Medium heat steam iron; do not iron on decorations,"Yellow polo t-shirt has a ribbed collar, a buttoned chest placket, short sleeves with ribbed cuffs, embroidered and appliqué d branding on the left chest and a vented hem",structured=['linen']; detailed_text=['cotton'],cotton,materials_care_desc,single_fibre_claim_unquantified,main_material_proxy_only
52481,Baby Dolls,Red Rose Pink & Black Nightdress,Nylon net fabric Hand wash,"Black strappy night dress with frills at the bust, printed pink hearts below the bust, open from below the bust to the hem in the front and ruffles at the hem Comes with a matching pair of bikini briefs",structured=['polyester']; detailed_text=['nylon'],nylon,materials_care_desc,single_fibre_claim_unquantified,main_material_proxy_only
11382,Tshirts,United Colors Of Benetton Women Light Winter Grey T-Shirts,,"Composition Light grey round neck t-shirt, made of 65% polyester and 35% viscose, has three-quarter set-in sleeves and graphic print on the front Fitting Comfort Wash care Wash, dry and iron inside out Machine wash delicate at 30 degrees with a mild detergent Do not scrub, bleach, wring, tumble dry or dry clean Dry flat in shade Cool iron, but do not iron on print or embroidery Get retro and return to the era of Old england with this united colors of benetton t-shirt. The fabric falls neatly around your torso enhancing your feminine style, while the three-quarter set-in sleeves contour your toned arms perfectly, keeping the mild cold winds at bay. Pair this with jeans and sandals for unparalleled cool. Model statistics The model wears size M in t-shirt Height: 5'8"", Chest: 33""","structured=['cotton']; detailed_text=['polyester', 'viscose']",polyester,description,exact_blend_percentages,known_blend_pending_policy
12531,Sweatshirts,Puma Women Solid Pink Sweatshirts,,"Composition Pink hooded sweatshirt made of 100% polyester, has long sleeves with ribbed cuffs, full front zipper with a ribbed hem, has two pockets on the waist, drawcord to secure the hood, and branding in glitter print and stone embellishments on the chest Fitting Comfort Wash care only hand wash in cold water using a mild detergent Do not soak or wring Dry flat in shade and set shape when wet Moderate warm iron Welcome the winter in style this season with this sweatshirt from puma. The thick fabric is sure to keep the winter chill at bay, while you can slip your hands into the waist pockets to keep them warm. Wear this sweatshirt over jeans to keep the cold winds away. Model statistics The model wears size M in sweatshirts Chest: 33""; Waist: 26""",structured=['cotton']; detailed_text=['polyester'],polyester,description,exact_single_fibre_percentage,eligible_exact_single_fibre
11784,Tshirts,Lee Women Solid Black Tshirts,,"Composition Black t-shirt made of 95% viscose and 5% lycra, has a round neck, long sleeves, printed branding towards the left hem and panel detailing on the hems Fit Regular Wash care Hand wash cold using a mild detergent Wash dark colours separately Do not bleach, wring or tumble dry Flat dry in shade Mild iron Do not iron on print/embellishment/embroidery Upgrade your casual look with this black t-shirt from lee. The long slinky sleeves gives an interesting edge to this tee, while the viscose fabric accentuates your curves. Team this tee with skinny jeans, stilettoes and chunky jewellery for a party look. Model statistics The model wears size M in t-shirts Height: 5'7"" Chest: 33"" Waist: 25""","structured=['cotton']; detailed_text=['elastane', 'viscose']",viscose,description,exact_blend_percentages,known_blend_pending_policy
40580,Tops,W Women White Top,100% cotton Wash dark colours separately Do not bleach Dry inside out in shade Warm iron do not iron on decorations,"White top with red and blue print, has a mandarin collar with a split neckline, has a half buttoned placket, short sleeves with roll up detail and a buttoned tab, flaring pintucks below the bust and at the back yoke and a curved hem with the back shorter than the front",structured=['viscose']; detailed_text=['cotton'],cotton,materials_care_desc,exact_single_fibre_percentage,eligible_exact_single_fibre
4745,Tshirts,ADIDAS Men's Green Polo T-shirt,only hand wash gently Do not machine wash Wash with like colours Wash and iron inside out Do not use fabric softener Use mild detergent only Do not iron on motif/print/trims/logo,"Bright green polo neck t-shirt made of 70% polyester and 30% viscose, with thin light green stripes spaced wide apart, ribbed collar and embroidered logo on the left chest","structured=['cotton']; detailed_text=['polyester', 'viscose']",polyester,description,exact_blend_percentages,known_blend_pending_policy
10499,Tshirts,Flying Machine Women Aspen Yellow Tshirts,,"Composition Light papaya yellow pleated sphagetti top made of 100% viscose with adjustable straps Fitting Regular Wash care Machine wash cold water Do not tumble dry Turn inside out before drying Don't dry in direct sunlight Use warm iron Do not use iron on print/embroidery Stylish to the hilt, this viscose sphagetti top from flying machine is designed for those who never compromise on comfort and looks. The pleated front adds to your style quotient, while the viscose fabric falls well and accentuates the body. Team this with jeans and sports shoes and flaunt your fashion statement in style. Model statistics The model wears size M in t-shirts Height-5’8""; Chest-33""",structured=['cotton']; detailed_text=['viscose'],viscose,description,exact_single_fibre_percentage,eligible_exact_single_fibre
7791,Tshirts,Proline Men's Polo Solid Olive T-shirt,"Composition Olive polo neck t-shirt made of a polyester-cotton blend, with a vented hem and short sleeves that have ribbed cuffs, an embroidered logo on the chest and a three buttoned placket Fitting Comfort Wash care Dry clean preferred Wash inside out separately Use mild detergent only Do not bleach Drip dry Warm iron, but do not iron on design/decoration Take sophisticated dressing to the next level with this polo neck t-shirt from proline. The plain block of colour gives a burst of energy, while the ribbed hemline at the sleeve sits snug on your well toned arms. Pair this tee with denims and leather slip-ons for casual Fridays and for casual outings. Model statistics The model wears size M in t-shirts Height-6', Shoulders-19""","Composition Olive polo neck t-shirt made of a polyester-cotton blend, with a vented hem and short sleeves that have ribbed cuffs, an embroidered logo on the chest and a three buttoned placket Fitting Comfort Wash care Dry clean preferred Wash inside out separately Use mild detergent only Do not bleach Drip dry Warm iron, but do not iron on design/decoration Take sophisticated dressing to the next level with this polo neck t-shirt from proline. The plain block of colour gives a burst of energy, while the ribbed hemline at the sleeve sits snug on your well toned arms. Pair this tee with denims and leather slip-ons for casual Fridays and for casual outings. Model statistics The model wears size M in t-shirts Height-6', Shoulders-19""","structured=['cotton', 'elastane']; detailed_text=['cotton', 'leather', 'polyester']",,materials_care_desc,named_blend_no_percentages,needs_review
42640,Kurtas,W Women Red Dress,,"Style Note This simply styled dress from w is just right for Summer '12. It goes easy on the prints (perfect for when you want a change from the tribal prints we've seen so much of) and styles its silhouette simply without fussy design details. Pair this with either a blingy pair of leggings for an over-the-top ethnic look (the minimalistic dress will balance out the loud leggings) or simply style it with monochrome ones for a sunny day out. Product Details Red round neck dress, has a half buttoned placket, three quarter sleeves, double lip buttoned welt pocket on the left chest, loops at the sides and a fabric belt at the midriff Material and Care 100% cotton Wash dark colours separately Do not bleach Dry inside out in shade Warm iron; do not iron on decorations Size and Fit Regular fit The model (height 5'8"" and chest 33"") is wearing a size M",structured=['silk']; detailed_text=['cotton'],cotton,description,exact_single_fibre_percentage,eligible_exact_single_fibre
18263,Kurtas,Aneri Women Nancy Yellow Kurta,,"Composition Yellow and grey printed kurta made of 100% cotton, has a rounded V-neck, yellow printed yoke with pin tucks and purple piping, concealed three hook placket with purple piping, mildly puffed cap sleeves with elasticated hems and a vented hem Fit Regular Wash care Wash separately in cold water using a mild detergent Wear art wherever you go! This kurta from aneri comes in a classic combination of grey and yellow, making it a perfect buy. The simple silhouette and cap sleeves give this kurta an ethnic look. Team it with leggings or pyjamas, heeled slippers and long earrings. Model statistics The product is a size S on a model of height 5'7"" and chest 32""",structured=['silk']; detailed_text=['cotton'],cotton,description,exact_single_fibre_percentage,eligible_exact_single_fibre
54325,Bra,Garfield Women White & Pink Bra,90% polyamide 10% elastane Hand wash gently,"White and pink, underwired, push up bra, soft padded cups with brand print on the left cup and bow in the middle with brand print, plunging neckline, adjustable straps, lace stripe on the side wings and three row hook closure Owing to intimate nature of this product it is eligible for self-ship return only (no pick-up facility)","structured=['elastane', 'polyester']; detailed_text=['elastane', 'nylon']",nylon,materials_care_desc,exact_blend_percentages,known_blend_pending_policy
18003,Tshirts,Puma Men Training Polo Blue Tshirt,,"Composition Blue and black polo neck T-shirt made of 100% polyester, has short sleeves, mesh panels on the front, sides, sleeves and back, buttoned chest placket and rubber applique of branding on the left chest Fitting Regular Wash care Gentle machine wash in cold water Do not bleach, tumble dry or dry clean Cool iron; Do not iron on decorations Add oodles of style to your training sessions in this blue and black T-shirt from puma.The appliqued brand logo on the upper left chest adds an interesting detail, while the polyester fabric with moisture management keeps you feeling comfortable on extended training sessions. Team this with tracks or training shorts . Model statistics Model is a size M of height 6', chest 39"" and shoulders 18”",structured=['cotton']; detailed_text=['polyester'],polyester,description,exact_single_fibre_percentage,eligible_exact_single_fibre
52480,Baby Dolls,Red Rose Blue & Black Nightdress,Blended nylon net fabric Hand wash,"Black strappy night dress with frills at the bust, printed blue hearts below the bust, open from below the bust to the hem in the front and ruffles at the hem Comes with a matching pair of bikini briefs",structured=['polyester']; detailed_text=['nylon'],,materials_care_desc,named_blend_no_percentages,needs_review
28691,Kurtas,W Women Printed Black Kurta,,"Composition Black printed kurta made of 100% cotton, has a round neck, short raglan sleeves, button detail at the neck and a vented hem Fit Regular Wash care Wash dark colours separately Do not bleach Dry inside out in shade Warm iron Every woman needs a choice of kurtas in her wardrobe. The USP of w is a simple, elegant silhouette, coupled with modern design details. In this kurta we see the traditional garment in a new avatar with w's innovative styling. For the conservative at heart, this piece can be worn with leggings and delicate sandals. For a boho chick meets rebel style, colour block this with bright capris. Model statistics The product is a size 8 on a model of height 5'8"" and chest 33""",structured=['silk']; detailed_text=['cotton'],cotton,description,exact_single_fibre_percentage,eligible_exact_single_fibre
59699,Bra,Avirate Black Bra,95% polyester and 5% spandex Hand wash,Black lace bra with lace trims on the cups Adjustable straps with pretty pink bows on the straps and the middle Hook closure Owing to intimate nature of this product it is eligible for self-ship return only (no pick-up facility),"structured=['elastane', 'nylon']; detailed_text=['elastane', 'polyester']",polyester,materials_care_desc,exact_blend_percentages,known_blend_pending_policy
19981,Tshirts,United Colors of Benetton Men Printed White TShirt,,"Composition White v-neck t-shirt made of 70% modal and 30% polyester, has short sleeves and graphic print on the front Fit Regular Wash care Delicate machine wash at 30 degrees using mild detergent Do not dry clean Do not tumble dry, wring, scrub or bleach Dry flat in shade Warm iron Do not iron on decorations If you like your music fast and hard-edged then this t-shirt from united colors of benetton is perfect for you. The short sleeves and the & ldquo Punk Rock& rdquo graphic print suits your style and the soft blend of the modal/polyester fabric keeps you in exemplary comfort all day. Pair this with faded jeans and canvas shoes Model Statistics Product is a size M on a model of height 6' and shoulders 18& rdquo","structured=['cotton']; detailed_text=['modal', 'polyester']",modal,description,exact_blend_percentages,known_blend_pending_policy
42641,Kurtas,W Women Blue Kurta,,"Style Note Every woman needs a choice of kurtas in her wardrobe. The USP of w is a simple, elegant silhouette, coupled with modern design details. In this kurta we see the traditional garment in a new avatar with W's innovative styling. Wear this piece with leggings and delicate sandals. Product Details Blue printed kurta with square neck that is slightly curved at the centre, is sleeveless with cap sleeves, is elasticated and smocked on the shoulders and has a vented hem Material and Care 100% Cotton Wash dark colours separately Do not bleach Dry inside out in shade Warm iron do not iron on decorations Size and Fit Regular Fit The model (height 5'8 and chest 32) is wearing a size WS",structured=['silk']; detailed_text=['cotton'],cotton,description,exact_single_fibre_percentage,eligible_exact_single_fibre
40575,Kurtas,W Women White Kurta,,"Style Note Every woman needs a choice of kurtas in her wardrobe. The USP of w is a simple, elegant silhouette, coupled with modern design details. In this kurta we see the traditional garment in a new avatar with W's innovative styling. Wear this piece with leggings and delicate sandals. Product Details White, green and blue kurta with a round neck, is sleeveless, has blue panelling around the neckline and armhole and a curved hem Material and Care 100% Cotton Wash dark colours separately Do not bleach Dry inside out in shade Warm iron do not iron on decorations Size and Fit Regular Fit The model (height 5'8â &euro Ã?Â??Ã?Â??Ã?Â??Ã?Â??Ã?Â??Ã?Â??Ã?Â??Ã?Â???Ã?Â??Ã?Â??Ã?Â??Ã?Â??Ã?Â??Ã?Â??Ã?Â??Ã?Â???Ã?Â??Ã?Â??Ã?Â??Ã?Â??Ã?Â??Ã?Â??Ã?Â??Ã?Â???Ã?Â??Ã?Â??Ã?Â??Ã?Â??Ã?Â??Ã?Â??Ã?Â??Ã?Â???Ã?Â??Ã?Â??Ã?Â??Ã?Â??Ã?Â??Ã?Â??Ã?Â??Ã?Â???Ã?Â??Ã?Â??Ã?Â??Ã?Â??Ã?Â??Ã?Â??Ã?Â??Ã?Â???Ã?Â??Ã?Â??Ã?Â??Ã?Â??Ã?Â??Ã?Â??Ã?Â??Ã?Â???Ã?Â??Ã?Â??Ã?Â??Ã?Â??Ã?Â??Ã?Â??Ã?Â??Ã?Â??Ã?Â??Ã?Â??Ã?Â??Ã?Â??Ã?Â??Ã?Â??Ã?Â??Ã?Â?Ã?Â¯Ã?Â??Ã?Â??Ã?Â??Ã?Â??Ã?Â??Ã?Â??Ã?Â??Ã?Â???Ã?Â??Ã?Â??Ã?Â??Ã?Â??Ã?Â??Ã?Â??Ã?Â??Ã?Â???Ã?Â??Ã?Â??Ã?Â??Ã?Â??Ã?Â??Ã?Â??Ã?Â??Ã?Â???Ã?Â??Ã?Â??Ã?Â??Ã?Â??Ã?Â??Ã?Â??Ã?Â??Ã?Â??Ã?Â??Ã?Â??Ã?Â??Ã?Â??Ã?Â??Ã?Â??Ã?Â??Ã?Â?Ã?Â¢Ã?Â??Ã?Â??Ã?Â??Ã?Â??Ã?Â??Ã?Â??Ã?Â??Ã?Â???Ã?Â??Ã?Â??Ã?Â??Ã?Â??Ã?Â??Ã?Â??Ã?Â??Ã?Â???Ã?Â??Ã?Â??Ã?Â??Ã?Â??Ã?Â??Ã?Â??Ã?Â??Ã?Â???Ã?Â??Ã?Â??Ã?Â??Ã?Â??Ã?Â??Ã?Â??Ã?Â??Ã?Â???Ã?Â??Ã?Â??Ã?Â??Ã?Â??Ã?Â??Ã?Â??Ã?Â??Ã?Â???Ã?Â??Ã?Â??Ã?Â??Ã?Â??Ã?Â??Ã?Â??Ã?Â??Ã?Â???Ã?Â??Ã?Â??Ã?Â??Ã?Â??Ã?Â??Ã?Â??Ã?Â??Ã?Â???Ã?Â??Ã?Â??Ã?Â??Ã?Â??Ã?Â??Ã?Â??Ã?Â??Ã?Â??Ã?Â??Ã?Â??Ã?Â??Ã?Â??Ã?Â??Ã?Â??Ã?Â??Ã?Â?Ã?Â Ã?Â??Ã?Â??Ã?Â??Ã?Â??Ã?Â??Ã?Â??Ã?Â??Ã?Â???Ã?Â??Ã?Â??Ã?Â??Ã?Â??Ã?Â??Ã?Â??Ã?Â??Ã?Â???Ã?Â??Ã?Â??Ã?Â??Ã?Â??Ã?Â??Ã?Â??Ã?Â??Ã?Â???Ã?Â??Ã?Â??Ã?Â??Ã?Â??Ã?Â??Ã?Â??Ã?Â??Ã?Â??Ã?Â??Ã?Â??Ã?Â??Ã?Â??Ã?Â??Ã?Â??Ã?Â??Ã?Â?Ã?Â¯Ã?Â??Ã?Â??Ã?Â??Ã?Â??Ã?Â??Ã?Â??Ã?Â??Ã?Â???Ã?Â??Ã?Â??Ã?Â??Ã?Â??Ã?Â??Ã?Â??Ã?Â??Ã?Â???Ã?Â??Ã?Â??Ã?Â??Ã?Â??Ã?Â??Ã?Â??Ã?Â??Ã?Â???Ã?Â??Ã?Â??Ã?Â??Ã?Â??Ã?Â??Ã?Â??Ã?Â??Ã?Â??Ã?Â??Ã?Â??Ã?Â??Ã?Â??Ã?Â??Ã?Â??Ã?Â??Ã?Â?Ã?Â¿Ã?Â??Ã?Â??Ã?Â??Ã?Â??Ã?Â??Ã?Â??Ã?Â??Ã?Â???Ã?Â??Ã?Â??Ã?Â??Ã?Â??Ã?Â??Ã?Â??Ã?Â??Ã?Â???Ã?Â??Ã?Â??Ã?Â??Ã?Â??Ã?Â??Ã?Â??Ã?Â??Ã?Â???Ã?Â??Ã?Â??Ã?Â??Ã?Â??Ã?Â??Ã?Â??Ã?Â??Ã?Â??Ã?Â??Ã?Â??Ã?Â??Ã?Â??Ã?Â??Ã?Â??Ã?Â??Ã?Â?Ã?Â½ and chest 32â &euro Ã?Â??Ã?Â??Ã?Â??Ã?Â??Ã?Â??Ã?Â??Ã?Â??Ã?Â???Ã?Â??Ã?Â??Ã?Â??Ã?Â??Ã?Â??Ã?Â??Ã?Â??Ã?Â???Ã?Â??Ã?Â??Ã?Â??Ã?Â??Ã?Â??Ã?Â??Ã?Â??Ã?Â???Ã?Â??Ã?Â??Ã?Â??Ã?Â??Ã?Â??Ã?Â??Ã?Â??Ã?Â???Ã?Â??Ã?Â??Ã?Â??Ã?Â??Ã?Â??Ã?Â??Ã?Â??Ã?Â???Ã?Â??Ã?Â??Ã?Â??Ã?Â??Ã?Â??Ã?Â??Ã?Â??Ã?Â???Ã?Â??Ã?Â??Ã?Â??Ã?Â??Ã?Â??Ã?Â??Ã?Â??Ã?Â???Ã?Â??Ã?Â??Ã?Â??Ã?Â??Ã?Â??Ã?Â??Ã?Â??Ã?Â??Ã?Â??Ã?Â??Ã?Â??Ã?Â??Ã?Â??Ã?Â??Ã?Â??Ã?Â?Ã?Â¯Ã?Â??Ã?Â??Ã?Â??Ã?Â??Ã?Â??Ã?Â??Ã?Â??Ã?Â???Ã?Â??Ã?Â??Ã?Â??Ã?Â??Ã?Â??Ã?Â??Ã?Â??Ã?Â???Ã?Â??Ã?Â??Ã?Â??Ã?Â??Ã?Â??Ã?Â??Ã?Â??Ã?Â???Ã?Â??Ã?Â??Ã?Â??Ã?Â??Ã?Â??Ã?Â??Ã?Â??Ã?Â??Ã?Â??Ã?Â??Ã?Â??Ã?Â??Ã?Â??Ã?Â??Ã?Â??Ã?Â?Ã?Â¢Ã?Â??Ã?Â??Ã?Â??Ã?Â??Ã?Â??Ã?Â??Ã?Â??Ã?Â???Ã?Â??Ã?Â??Ã?Â??Ã?Â??Ã?Â??Ã?Â??Ã?Â??Ã?Â???Ã?Â??Ã?Â??Ã?Â??Ã?Â??Ã?Â??Ã?Â??Ã?Â??Ã?Â???Ã?Â??Ã?Â??Ã?Â??Ã?Â??Ã?Â??Ã?Â??Ã?Â??Ã?Â???Ã?Â??Ã?Â??Ã?Â??Ã?Â??Ã?Â??Ã?Â??Ã?Â??Ã?Â???Ã?Â??Ã?Â??Ã?Â??Ã?Â??Ã?Â??Ã?Â??Ã?Â??Ã?Â???Ã?Â??Ã?Â??Ã?Â??Ã?Â??Ã?Â??Ã?Â??Ã?Â??Ã?Â???Ã?Â??Ã?Â??Ã?Â??Ã?Â??Ã?Â??Ã?Â??Ã?Â??Ã?Â??Ã?Â??Ã?Â??Ã?Â??Ã?Â??Ã?Â??Ã?Â??Ã?Â??Ã?Â?Ã?Â Ã?Â??Ã?Â??Ã?Â??Ã?Â??Ã?Â??Ã?Â??Ã?Â??Ã?Â???Ã?Â??Ã?Â??Ã?Â??Ã?Â??Ã?Â??Ã?Â??Ã?Â??Ã?Â???Ã?Â??Ã?Â??Ã?Â??Ã?Â??Ã?Â??Ã?Â??Ã?Â??Ã?Â???Ã?Â??Ã?Â??Ã?Â??Ã?Â??Ã?Â??Ã?Â??Ã?Â??Ã?Â??Ã?Â??Ã?Â??Ã?Â??Ã?Â??Ã?Â??Ã?Â??Ã?Â??Ã?Â?Ã?Â¯Ã?Â??Ã?Â??Ã?Â??Ã?Â??Ã?Â??Ã?Â??Ã?Â??Ã?Â???Ã?Â??Ã?Â??Ã?Â??Ã?Â??Ã?Â??Ã?Â??Ã?Â??Ã?Â???Ã?Â??Ã?Â??Ã?Â??Ã?Â??Ã?Â??Ã?Â??Ã?Â??Ã?Â???Ã?Â??Ã?Â??Ã?Â??Ã?Â??Ã?Â??Ã?Â??Ã?Â??Ã?Â??Ã?Â??Ã?Â??Ã?Â??Ã?Â??Ã?Â??Ã?Â??Ã?Â??Ã?Â?Ã?Â¿Ã?Â??Ã?Â??Ã?Â??Ã?Â??Ã?Â??Ã?Â??Ã?Â??Ã?Â???Ã?Â??Ã?Â??Ã?Â??Ã?Â??Ã?Â??Ã?Â??Ã?Â??Ã?Â???Ã?Â??Ã?Â??Ã?Â??Ã?Â??Ã?Â??Ã?Â??Ã?Â??Ã?Â???Ã?Â??Ã?Â??Ã?Â??Ã?Â??Ã?Â??Ã?Â??Ã?Â??Ã?Â??Ã?Â??Ã?Â??Ã?Â??Ã?Â??Ã?Â??Ã?Â??Ã?Â??Ã?Â?Ã?Â½) is wearing a size WS",structured=['silk']; detailed_text=['cotton'],cotton,description,exact_single_fibre_percentage,eligible_exact_single_fibre
11785,Tshirts,Lee Women Solid Black Tshirts,,"Composition Black t-shirt made of 95% viscose and 5% lycra, has a round neck with a buttoned chest placket, short sleeves with branding printed above the left hem and inner neck, and has a brand badge on the left seam Fitting Regular Wash care only hand wash cold using a mild detergent Wash dark colours separately Turn inside out before washing and drying Do not bleach, wring or tumble dry Flat dry in shade Mild iron/do not iron on print or embroidery Slip into your second skin and live in ease with this black t-shirt from lee. The viscose fabric is sure to flow around your body and keep you fresh, comfortable and free from sweat all day, while the lycra allows you to stretch with ease. Team this T-shirt with shorts , jeans and skirts and enjoy comfort like never before. Model statistics The model wears size M in t-shirts Height: 5'7"" Chest: 33"" Waist: 25""","structured=['cotton']; detailed_text=['elastane', 'viscose']",viscose,description,exact_blend_percentages,known_blend_pending_policy
4772,Tshirts,ADIDAS Women's Blue Polo T-shirt,Blended Only hand wash gently Do not machine wash Wash with like colours Wash and iron inside out Do not use fabric softener Use mild detergent only Do not iron on motif/print/trims/logo,"Blue polo neck t-shirt made of 95% cotton and 5% lycra mix, and has a ribbed collar and cuff with white stripes along the hem and embroidered logo on the left chest","structured=['polyester']; detailed_text=['cotton', 'elastane']",cotton,description,exact_blend_percentages,known_blend_pending_policy
40118,Tshirts,ADIDAS Men Red T-shirt,,"Style Note adidas helps you avoid discomfort and keep dry and comfortable. This T-shirt, engineered with Climalite technology, offers you a flattering stylised look. Pair it with a pair of jeans and sports shoes on your day off, or with shorts and Sports shoes when you're hitting the gym. Product Details Red sleeveless T-shirt, has a round neckline, patterns on the shoulders and back yoke, white Adidas patented three stripes on the sides and branding on the left shoulder Material and Care 100% polyester Machine wash cool with like colours using a mild detergent Do not soak, tumble dry, bleach or dry clean Dry in shade Warm iron do not iron on decorations Size and Fit Regular fit The model (height 6' and shoulders 18"") is wearing a size M",structured=['viscose']; detailed_text=['polyester'],polyester,description,exact_single_fibre_percentage,eligible_exact_single_fibre
30741,Nehru Jackets,Fabindia Men Brown Silk Sleeveless Jacket,,"Composition Brown sleeveless ethnic jacket made of silk, has a Nehru collar, full buttoned placket, two insert pockets on the sides with a smaller insert pocket on the left chest and a vented hem Fit Regular Wash care Dry clean only This earthy jacket by fabindia for men is perfect for the artsy intellectual. The superior comfort provided by the silk fabric with a traditional yet fashionable cut makes this a wardrobe essential. Pair this with colourful cotton trousers to go all out and make a colour block statement. For the more conservative, pair it with simple form fitting denims, tees and sandals. Model statistics The product is a size 40 on a model of height 6' and shoulders 18""",structured=['cotton']; detailed_text=['silk'],,article_attributes_fabric,named_blend_no_percentages,needs_review
10510,Tshirts,Flying Machine Women RN HS Grey Tshirts,,"Composition Dark grey round neck top made of 100% viscose that has very short dolman sleeves, rouched side hems, pop art print on the front towards the hem and crystal studded detailing on the front Fitting Regular Wash Care Machine wash cold water Do not tumble dry Turn inside out before drying Don't dry in direct sunlight Use warm iron Do not use iron on print/embroidery Upgrade your casual style with this grey top from flying machine. The sleek design and the graphic on the front of the perfume bottles adds to the femininity of the top. Made of viscose rayon, this top has a silky appearance and feel, but allows your body to breathe as well as it does in cotton weaves. Pair this top with jeans and stylish feminine sandals available in a wide range at myntra. Model statistics The model wears size M in t-shirts Height-5.8"", Chest-33""",structured=['cotton']; detailed_text=['viscose'],viscose,description,exact_single_fibre_percentage,eligible_exact_single_fibre
11258,Tops,Puma Women Black Essential Racerback Tank Top,88% polyester and 12% elastane Machine-wash,"Black top, has a scoop neck, sleeveless racer back, crafted with moisture management ""Dry Cell"" technique","structured=['viscose']; detailed_text=['elastane', 'polyester']",polyester,materials_care_desc,exact_blend_percentages,known_blend_pending_policy
48467,Dresses,French Connection Women Red Dress,"Shell: 97% cotton, 3% elastane Lining: 97% cotton, 3% elastane Dry clean only","Red dress with prints, short sleeve with pleats at the hem, deep V-neck, zipper closure at the back","structured=['polyester']; detailed_text=['cotton', 'elastane']",cotton,materials_care_desc,role_specific_or_multi_part_composition,needs_role_review
22622,Tshirts,Nike Men Red Polo T-shirt,Machine wash cold with like colours Do not dry clean or bleach Tumble dry low Warm iron,"Red polo neck t-shirt made of 100% polyester, engineered with Dri-Fit technology, has short sleeves, panel on the chest and embroidered branding on the chest",structured=['cotton']; detailed_text=['polyester'],polyester,description,exact_single_fibre_percentage,eligible_exact_single_fibre
52501,Baby Dolls,Red Rose Red Nightdress,"Nylon net fabric Hand wash, drip dry in shade Do not wring, iron, bleach Wash dark colours separately","Red semi sheet halter neck nightdress, has a V-neckline and flower detail on the front Comes with a red bikini brief",structured=['polyester']; detailed_text=['nylon'],nylon,materials_care_desc,single_fibre_claim_unquantified,main_material_proxy_only
58494,Dresses,Tonga Women Purple Dress,"92% rayon, 8% spandex Hand wash cold","Purple knitted dress with short extended sleeves, square neck, panel with gathers at the front, cowled pockets on the sides","structured=['polyester']; detailed_text=['elastane', 'viscose']",viscose,materials_care_desc,exact_blend_percentages,known_blend_pending_policy
28717,Kurtas,W Women Printed Purple Kurta,,"Composition Purple and white printed kurta, made of 100% cotton, has a bucket neck, short sleeves and slit side seams Fit Regular Wash care Wash dark colours separately Do not bleach Dry inside out in shade Warm iron; do not iron on decorations This piece of art by w is designed to accentuate your femininity. Look stylish in this casual top and revel in the comfort of the soft fabric. Pair it with denims and pumps for a casual look. Model statistics The product is a size 8 on a model of height 5'8"", chest 33""",structured=['silk']; detailed_text=['cotton'],cotton,description,exact_single_fibre_percentage,eligible_exact_single_fibre
33951,Tshirts,ADIDAS Men Cinder Black T-shirt,,"Style Note With this Climalite enabled performance T-shirt, you can conveniently ignore the heat and keep your focus right where it needs to be: on the finish line. A combination of performance fabrics keeps cool air flowing in and heat and sweat flowing out, meaning you can stay dry and comfortable, performing at your peak in even the most heated competition. On a day off, pair it with denims and cool sneakers to look your casual best. Product Details Black polo T-shirt that has short sleeves, short buttoned placket, branding on the right sleeve, stitch detailing, adidas patented three stripes on the left shoulder and a vented hem Material and Care 100% polyester Machine wash cold with like colours using a mild detergent Do not bleach Tumble dry low Cool iron do not iron on decorations Size and Fit Relaxed fit The model (height 6' and shoulders 18"") is wearing a size M",structured=['viscose']; detailed_text=['polyester'],polyester,description,exact_single_fibre_percentage,eligible_exact_single_fibre
58655,Kurtas,ALayna Women Pink Kurta,Blended cotton Hand wash separately in cold water using a mild detergent Flat dry inside out in shade Warm iron,"Pink woven kurta, has a high round neckline with embroidery on the yoke, short sleeves, embroidery all over and side slits",structured=['silk']; detailed_text=['cotton'],,materials_care_desc,named_blend_no_percentages,needs_review
38576,Track Pants,Nike Men Black Breakline Track Pants,,"Style Note Built with the breathability and zero-distraction Fit that athletes demand, these Nike track pants come in a body-friendly design and keep you sweat-free and fresh all day. Team it with t-shirts and track jackets for superior style. Product Details Black full-length track pants, has an elasticated waist with drawstrings, two side pockets, back pocket with velcro closure, toggle straps at the hem, branding at the back and left leg Warranty for manufacturing defects: 6 months (not valid on products with more than 20% discount) Material and Care 100% polyester Machine wash cold with like colours Do not bleach or dry clean Tumble dry low Cool iron do not iron on print/decoration",structured=['cotton']; detailed_text=['polyester'],polyester,description,exact_single_fibre_percentage,eligible_exact_single_fibre
42109,Tshirts,ADIDAS Men Black T-shirt,,"Style Note adidas helps you avoid discomfort and keep dry and comfortable. This T-shirt, engineered with Climalite technology, offers you a flattering stylish look. Pair it with a pair of jeans and sports shoes on your day off, or with shorts and Sports shoes when you're hitting the gym. Product Details Black T-shirt, has a round neckline, branding on the left chest and short sleeves with Adidas patented three stripes Material and Care 100% polyester Machine wash cool with like colours using a mild detergent Do not soak, tumble dry, bleach or dry clean Dry in shade Cold iron do not iron on decorations Size and Fit Regular fit The model (height 6' and shoulders 18"") is wearing a size M",structured=['viscose']; detailed_text=['polyester'],polyester,description,exact_single_fibre_percentage,eligible_exact_single_fibre
28726,Kurtas,W Women Printed Beige Kurta,,"Composition Beige and purple floral print, made of 100% polyester, has a round neck, cap sleeves with horizontal pin-tucks on the sleeves and slit side seams Fit Regular Wash care Wash dark colours separately Do not bleach Dry inside out in shade Warm iron; do not iron on decorations Every woman needs a choice of kurtas in her wardrobe. The USP of w is a simple, elegant silhouette, coupled with modern design details. In this kurta we see the traditional garment in a new avatar with w's innovative styling. For the conservative at heart, this piece can be worn with leggings and delicate sandals. For a boho chick meets rebel style, colour block this with bright capris. Model statistics The product is a size 8 on a model of height 5'8"", chest 33""",structured=['silk']; detailed_text=['polyester'],polyester,description,exact_single_fibre_percentage,eligible_exact_single_fibre
53429,Kurtas,Alma Women Red Printed Kurta,Cotton Machine wash Wash dark colours separately Dry in shade Warm iron,"Woven red kurta with black print and trims, has a V-neckline, fabric tape detail along the neckline and the placket region, short sleeves and a vented hem",structured=['silk']; detailed_text=['cotton'],cotton,materials_care_desc,single_fibre_claim_unquantified,main_material_proxy_only
59742,Briefs,Avirate Women Black Brief,100% polyamide Hand wash,Black bikini briefs with white embroidery and bow details Netted back 100% cotton gussets,"structured=['elastane', 'nylon']; detailed_text=['cotton', 'nylon']",nylon,materials_care_desc,exact_single_fibre_percentage,eligible_exact_single_fibre
28721,Kurtas,W Women Printed Beige Kurta,,"Composition Beige floral print kurta made of 100% cotton, has a round neck, short raglan sleeves and slit side seams Fit Regular Wash care Wash dark colours separately Do not bleach Dry inside out in shade Warm iron; do not iron on decorations Every woman needs a choice of kurtas in her wardrobe. The USP of w is a simple, elegant silhouette, coupled with modern design details. In this kurta we see the traditional garment in a new avatar with w's innovative styling. For the conservative at heart, this piece can be worn with leggings and delicate sandals. For a boho chick meets rebel style, colour block this with bright capris. Model statistics The product is a size 8 on a model of height 5'8"", chest 33""",structured=['silk']; detailed_text=['cotton'],cotton,description,exact_single_fibre_percentage,eligible_exact_single_fibre
48495,Trousers,French Connection Women Olive Trousers,100% Cotton Machine wash cold,"Keara linen combat trousers with button and zipped closure, belt loops around the waist, two insert pockets in the front on the sides, two patch pockets in the back, two cargo pockets on the side of the knees",structured=['linen']; detailed_text=['cotton'],cotton,materials_care_desc,exact_single_fibre_percentage,eligible_exact_single_fibre
49775,Kurtas,Alma Women Maroon Printed Kurta,,"Style Note Pared down to the basics, this kurta from alma is just right for a layered boho chic or a simple off-to-college vibe. Add a splash of colourful jewellery for an interesting dimension. The simple silhouette and the minimal design details will balance the brighter accessories. Product Details Maroon and purple printed kurta with a mandarin collar and a split neckline, three fabric hook and button closure on the yoke, three fourth sleeves and a vented hem Material and Care Blended cotton Machine wash Wash dark colours separately Dry in shade Warm iron Size and Fit Regular fit The model (height 5'8"" and chest 33"") is wearing a size M",structured=['silk']; detailed_text=['cotton'],silk,article_attributes_fabric,single_fibre_claim_unquantified,main_material_proxy_only
44869,Tshirts,Puma Men Black T-shirt,,"Style Note Structured tee from puma for the summer - you can't get cooler (literally and figuratively) than this. Play up the brand's sporty vibe and style this with slim cut cotton trousers and a washed leather jacket. Match the colour of the trousers with the jacket (keep it tonal) and pair this with a no-fuss style pair of sneakers. Product Details Black T-shirt, has a round ribbed neckline, short sleeves, Puma cat print on the chest and branding at the back below the neckline Material and Care 100% cotton Machine wash cold Tumble dry low Use warm iron Size and Fit Regular Fit The model (height 6' and shoulders 18"") is wearing a size M Style Note Structured tee from Puma for the summer - you can't get cooler (literally and figuratively) than this. Play up the brand's sporty vibe and style this with slim cut cotton trousers and a washed leather jacket. Match the colour of the trousers with the jacket (keep it tonal) and pair this with a no-fuss style pair of sneakers. Product Details Black T-shirt, has a round ribbed neckline, short sleeves, Puma cat print on the chest and branding at the back below the neckline Material and Care Shell: 100% cotton, Rib 95% cotton and 5% elastane Machine wash cold Tumble dry low Use warm iron Size and Fit Regular Fit The model (height 6' and shoulders 18"") is wearing a size M","structured=['cotton', 'elastane']; detailed_text=['cotton', 'leather']",cotton,description,exact_single_fibre_percentage,eligible_exact_single_fibre
40091,Tshirts,ADIDAS Men White T-shirt,,"Style Note Lightweight and stylish, this T-shirt from adidas is comfortable and looks great. This T-shirt will keep you cool on a hot day and can be paired with denim shorts and canvas shoes for a sporty look on a day out. You can throw on a denim jacket if the temperature drops. Product Details White round neck T-shirt, engineered with Climacool technology, has short blue raglan sleeves with Adidas 3-Stripe running from the shoulder to the sleeve end, mesh paneling at the sides to wick away sweat and fluorescent printed branding on the chest centre Material and Care 100% polyester Machine wash warm with like colours using a mild detergent Do not soak, tumble dry, bleach, iron or dry clean Dry in shade Warm iron do not iron on print or decorations Size and Fit Regular fit The model (height 5'8& rdquo and chest 33"") is wearing a size M",structured=['viscose']; detailed_text=['polyester'],polyester,description,exact_single_fibre_percentage,eligible_exact_single_fibre
30740,Nehru Jackets,Fabindia Men Brown Silk Sleeveless Jacket,,"Composition Brown ethnic jacket made of silk, sleeveless, has a nehru collar with full buttoned placket, two pockets on the lower front and a vented hem Fit Regular Wash care Dry clean only This earthy jacket by fabindia for men is perfect for the artsy intellectual. The superior comfort afforded by the silk fabric and comfortable yet fashionable cut makes this a wardrobe essential. Pair this with colourful cotton trousers to go all out and make a colour block statement. For the more conservative, pair it with simple form fitting denims and sandals. Model statistics The product is a size M on a model of height 6' and shoulders 18""",structured=['cotton']; detailed_text=['silk'],,article_attributes_fabric,named_blend_no_percentages,needs_review
59743,Briefs,Avirate Pink Brief,100% polyamide Hand wash,Pink bikini briefs with black embroidery and bow details Netted back 100% cotton gussets,"structured=['elastane', 'nylon']; detailed_text=['cotton', 'nylon']",nylon,materials_care_desc,exact_single_fibre_percentage,eligible_exact_single_fibre
28718,Kurtas,W Women Printed White Kurta,,"Composition White and teal floral print kurta, made of 100% cotton, has a round neck with a slit neckline, three quarter sleeves, buttoned chest placket, pin-tucks on either side of the placket and slit side seams Fit Regular Wash care Wash dark colours separately Do not bleach Dry inside out in shade Warm iron; do not iron on decorations Every woman needs a choice of kurtas in her wardrobe. The USP of w is a simple, elegant silhouette, coupled with modern design details. In this kurta we see the traditional garment in a new avatar with w's innovative styling. For the conservative at heart, this piece can be worn with leggings and delicate sandals. For a boho chick meets rebel style, colour block this with bright capris. Model statistics The product is a size 8 on a model of height 5'8"", chest 33""",structured=['silk']; detailed_text=['cotton'],cotton,description,exact_single_fibre_percentage,eligible_exact_single_fibre
28727,Kurtas,W Women Printed Cream Kurta,,"Composition Cream and red floral print kurta made of 100% cotton, has a round neck with keyhole opening with a buttoned closure, short sleeves and slit side seams Fit Regular Wash care Wash dark colours separately Do not bleach Dry inside out in shade Warm iron; do not iron on decorations Every woman needs a choice of kurtas in her wardrobe. The USP of w is a simple, elegant silhouette, coupled with modern design details. In this kurta we see the traditional garment in a new avatar with w's innovative styling. For the conservative at heart, this piece can be worn with leggings and delicate sandals. For a boho chick meets rebel style, colour block this with bright capris. Model statistics The product is a size 8 on a model of height 5'8"", chest 33""",structured=['silk']; detailed_text=['cotton'],cotton,description,exact_single_fibre_percentage,eligible_exact_single_fibre
52507,Baby Dolls,Red Rose Black Nightdress,"Blended nylon net fabric Hand wash, drip dry in shade Do not wring, iron, bleach Wash dark colours separately","Black semi sheer nightdress, has a V-neckline, is sleeveless, ruffles on the front and is open at the front Comes with a black bikini brief",structured=['polyester']; detailed_text=['nylon'],,materials_care_desc,named_blend_no_percentages,needs_review
42108,Tshirts,ADIDAS Men Blue T-shirt,,"Style Note adidas helps you avoid discomfort and keep dry and comfortable. This T-shirt, engineered with Climalite technology, offers you a flattering stylised look. Pair it with a pair of jeans and sports shoes on your day off, or with shorts and Sports shoes when you're hitting the gym. Product Details Blue T-shirt, has a round neckline, Adidas patented three stripes on the shoulders and arms and branding on the left chest Material and Care 100% polyester Machine wash cool with like colours using a mild detergent Do not soak, tumble dry, bleach or dry clean Dry in shade Cold iron; do not iron on decorations Size and Fit Regular fit The model (height 6' and shoulders 18"") is wearing a size M",structured=['viscose']; detailed_text=['polyester'],polyester,description,exact_single_fibre_percentage,eligible_exact_single_fibre
28711,Kurtas,W Women Printed White Kurta,,"Composition White and magenta floral print sleeveless kurta made of 100% cotton, has a collar with a slit neckline, buttoned chest placket, horizontal pin-tucks on either side of the placket and slit side seams Fit Regular Wash care Wash dark colours separately Do not bleach Dry inside out in shade Warm iron; do not iron on decorations Every woman needs a choice of kurtas in her wardrobe. The USP of w is a simple, elegant silhouette, coupled with modern design details. In this kurta we see the traditional garment in a new avatar with w's innovative styling. For the conservative at heart, this piece can be worn with leggings and delicate sandals. For a boho chick meets rebel style, colour block this with bright capris. Model statistics The product is a size 8 on a model of height 5'8"", chest 33""",structured=['silk']; detailed_text=['cotton'],cotton,description,exact_single_fibre_percentage,eligible_exact_single_fibre
28729,Kurtas,W Women Printed Cream Kurta,,"Composition Cream and green printed kurta made of 100% cotton, has a U-neck, short sleeves, buttoned chest placket and slit side seams Fit Regular Wash care Wash dark colours separately Do not bleach Dry inside out in shade Warm iron; do not iron on decorations Every woman needs a choice of kurtas in her wardrobe. The USP of w is a simple, elegant silhouette, coupled with modern design details. In this kurta we see the traditional garment in a new avatar with w's innovative styling. For the conservative at heart, this piece can be worn with leggings and delicate sandals. For a boho chick meets rebel style, colour block this with bright capris. Model statistics The product is a size 8 on a model of height 5'8"", chest 33""",structured=['silk']; detailed_text=['cotton'],cotton,description,exact_single_fibre_percentage,eligible_exact_single_fibre
52500,Baby Dolls,Red Rose Purple Nightdress,"Blended nylon net fabric Hand wash, drip dry in shade Do not wring, iron, bleach Wash dark colours separately","Purple semi sheer halter neck nightdress, has a V-neckline and flower detail on the front Comes with a purple bikini brief",structured=['polyester']; detailed_text=['nylon'],,materials_care_desc,named_blend_no_percentages,needs_review
57086,Skirts,Elle Women Pink Vintage Skirt,100% Ramie Machine wash delicate,"Dusky pink short skirt, has layered ruffles, belt loops around the waist, concealed zipper at the back and lining",structured=['linen']; detailed_text=['ramie'],ramie,materials_care_desc,exact_single_fibre_percentage,eligible_exact_single_fibre
28716,Kurtas,W Women Printed Beige Kurta,,"Composition Beige printed kurta made of 100% cotton, has a U-neck and pin-tucks that start at the chest and flare at the midriff Fit Regular Wash care Wash dark colours separately Do not bleach Dry inside out in shade Warm iron Every woman needs a choice of kurtas in her wardrobe. The USP of w is a simple, elegant silhouette, coupled with modern design details. In this kurta we see the traditional garment in a new avatar with w's innovative styling. For the conservative at heart, this piece can be worn with leggings and delicate sandals. For a boho chick meets rebel style, colour block this with bright capris. Model statistics The product is a size 8 on a model of height 5'8"" and chest 33""",structured=['silk']; detailed_text=['cotton'],cotton,description,exact_single_fibre_percentage,eligible_exact_single_fibre
28734,Kurtas,W Women Printed Cream Kurta,,"Composition Cream kurta with a shaded effect in brown made of 100% cotton, has a round neck with a keyhole opening and a buttoned closure, short sleeves and slit side seams Fit Regular Wash care Wash dark colours separately Do not bleach Dry inside out in shade Warm iron; do not iron on decorations Every woman needs a choice of kurtas in her wardrobe. The USP of w is a simple, elegant silhouette, coupled with modern design details. In this kurta we see the traditional garment in a new avatar with w's innovative styling. For the conservative at heart, this piece can be worn with leggings and delicate sandals. For a boho chick meets rebel style, colour block this with bright capris. Model statistics The product is a size 8 on a model of height 5'8"", chest 33""",structured=['silk']; detailed_text=['cotton'],cotton,description,exact_single_fibre_percentage,eligible_exact_single_fibre
50047,Bra,Hanes Women Beige Moulded Tee Shirt Bra,"Cup, back, strap, inner side frame lining: 82% nylon, 18% spandex Centre front and strap extension lining: 100% nylon Cup linings: 100% polyester Cup pad: 100% polyurethane foam Hand wash warm","Beige moulded T-shirt bra with ultra-smooth seamless cups which are invisible underneath clothing ComfortSoft sturdy straps stay in place Moulded, contour, wireless cups shape and support the breasts with all-over flexible, light foam padding for modesty Hook and eye closure Owing to the intimate nature of this product it is eligible for self-ship return only (no pick-up facility)","structured=['cotton']; detailed_text=['elastane', 'nylon', 'polyester', 'polyurethane']",nylon,materials_care_desc,role_specific_or_multi_part_composition,needs_role_review
28733,Kurtas,W Women Printed Green Kurta,,"Composition Green and white printed kurta, made of 100% cotton, has a boat neck, short raglan sleeves, pin-tucks on either side of the chest and slit side seams Fit Regular Wash care Wash dark colours separately Do not bleach Dry inside out in shade Warm iron; do not iron on decorations Every woman needs a choice of kurtas in her wardrobe. The USP of w is a simple, elegant silhouette, coupled with modern design details. In this kurta we see the traditional garment in a new avatar with w's innovative styling. For the conservative at heart, this piece can be worn with leggings and delicate sandals. For a boho chick meets rebel style, colour block this with bright capris. Model statistics The product is a size 8 on a model of height 5'8"", chest 33""",structured=['silk']; detailed_text=['cotton'],cotton,description,exact_single_fibre_percentage,eligible_exact_single_fibre
10764,Tshirts,Puma Men Bts Black Tshirts,,"Composition Black round neck t-shirt made of 100% polyester, that has ribbing around the neckline and tape detailing on the inseam, short sleeves, white mesh panel insert on the front and on the left sleeve and embroidered cat logo on the upper right chest Fitting Regular Wash care Gentle machine wash in lukewarm water Use mild detergent Do not tumble dry, bleach or dry clean Use warm iron Bold and stylish, this black T-shirt from puma is perfect for everyday wear. The mesh inserts on the front allow for greater ventialtion and also added style, while the embroidered cat logo adds to the brand appel. Team this with jeans or tracks and cool sports shoes for a great casual look. Model statistics The model wears size M in t-shirts Height-6', Shoulders-18""",structured=['cotton']; detailed_text=['polyester'],polyester,description,exact_single_fibre_percentage,eligible_exact_single_fibre
1591,Shorts,Kipsta Men Red Shorts,,"Composition Red shorts made of 100% polyester, with soft elastic waist, adjustable drawcord at waist and branding on right hip Fitting Comfort Wash care Hand wash or machine wash at 40 degrees Comfort in small size, this pair of shorts is a great summer wear. Stylish and comfortable, the polyester fabric wicks away sweat, providing you with dry and fresh comfort and allowing your body to breathe freely. While the elasticated waist sits snug, the drawcord allows you to customise the Fit, making it a perfect wear for indoor and outdoor Sports, as well as for casual and relaxing occasions.","structured=['cotton']; detailed_text=['elastane', 'polyester']",polyester,description,exact_single_fibre_percentage,eligible_exact_single_fibre
33720,Leggings,Pieces Women Green Leggings,93% Polyamide 7% Elastane Machine wash cold Do not iron,"Green, stretchable leggings, elasticated at the waist and ankles","structured=['elastane', 'polyester']; detailed_text=['elastane', 'nylon']",nylon,materials_care_desc,exact_blend_percentages,known_blend_pending_policy
28705,Kurtas,W Women Printed Peach Kurta,Wash dark colours separately Do not bleach Dry inside out in shade Warm iron,"Peach printed sleeveless kurta made of 100% cotton, has a round neck, pleat detail at the shoulder and a vented hem",structured=['silk']; detailed_text=['cotton'],cotton,description,exact_single_fibre_percentage,eligible_exact_single_fibre
13781,Trousers,Belmonte Men Solid Grey Trousers,,"Composition Grey trousers made of poly-viscose blend, that has flat front with two insert pockets on the sides, two welt pockets on the back with buttoned closures, plastic zipper and button closure on the front, loops on the waist to secure a belt and extended hems that can be trimmed to suit the wearer's height Fitting Regular Wash care Machine wash gentle Wash dark colours separately Do not bleach or wring Avoid soaking, remove promptly Line dry inside out in shade Warm iron only Do not iron directly on prints or embellishments Upgrade your sophisticated style with these grey pants from belmonte. The poly-viscose blend fabric keeps you feeling fresh and comfortable all day, while the classic cut of the trousers make it perfect for formal and semi-formal wear. Team these with slim fit shirts and leather shoes for a well groomed look. Model statistics The model wears trousers, length of 44"" Height-6.3”, Waist – 32”","structured=['cotton']; detailed_text=['polyester', 'viscose']",cotton,article_attributes_fabric,single_fibre_claim_unquantified,main_material_proxy_only
28702,Kurtas,W Women Printed Grey Kurta,Wash dark colours separately Do not bleach Dry inside out in shade Warm iron; do not iron on decorations,"Grey sleeveless kurta with purple and green floral print, made of 100% cotton, has a V-neck and slit side seams",structured=['silk']; detailed_text=['cotton'],cotton,description,exact_single_fibre_percentage,eligible_exact_single_fibre
6785,Jackets,Timberland Men Falmouth Cycling Jac Red Jacket,,"Composition Ripstop jacket in 100% nylon, two front zip side pockets, chest zip pocket on left side, broad storm flap at centre placket, hood with brim and inner bungee cord keeps out rain and wind, understated timberland logos at left chest, right sleeve and upper back, hook-and-loop tabs at cuffs Fitting Regular Wash care Machine wash in cold water Wash dark colours separately Use only non-chlorine bleach when needed Tumble dry normal at low heat Warm iron when needed Dry cleanable timberland's Waterproof Ripstop Jacket uses coated ripstop nylon, an adjustable hood with long brim and storm flaps to help keep you dry through sudden rainstorms. Three zippered pockets will keep your trail mix, wallet and compass safe and dry, and ripstop nylon won't rip even if a wayward branch or sharp rock sneaks up on you during your outdoor adventures. Model statistics The model wears size M in jackets Height-6', Shoulders-18""",structured=['cotton']; detailed_text=['nylon'],nylon,description,exact_single_fibre_percentage,eligible_exact_single_fibre
43056,Tshirts,Nike Men Black Speed Cricket T-shirt,,"Style Note Designed for your training needs, this nike T-shirt is made of polyester fabric with Dri-Fit technology to offer absolute sweat-free, fresh comfort. Such properties make it ideal not just for training, but playing any sport even on a hot day. Team this with performance shorts and sports shoes or track pants and floaters for unparalleled cool. Product Details Black and fluroscent green T-shirt with round neck, perforations along the sides and the back for breathability and has a Nike swoosh on the left shoulder Material and Care 100% polyester Machine wash separately in cold water using a mild detergent Do not bleach Tumble dry low Cool iron; do not iron on decorations Size and fit Regular fit",structured=['viscose']; detailed_text=['polyester'],polyester,description,exact_single_fibre_percentage,eligible_exact_single_fibre
10365,Dresses,United Colors of Benetton Women Short Black Dresses,,"Composition Black round neck short dress made of 70% modal and 30% polyester, with full arm sleeves, electropleats along the front and has a waist belt Fitting Comfort Wash care Delicate machine wash at 30 degrees using mild detergent Do not dry clean Do not tumble dry, wring, scrub or bleach Dry flat in shade Warm iron Do not iron directly on print/embroidery Flaunt your feminity in style with this black dress from united colors of benetton. The electropleats and belt redefine your feminine side with much elan. Pair this with heeled sandals and long earrings for a chic look. Model statistics The model wears size M in dresses Height-5.8"", Chest-33""","structured=['cotton']; detailed_text=['modal', 'polyester']",modal,description,exact_blend_percentages,known_blend_pending_policy
15617,Tshirts,Nike Women Trainng Lavender T-shirt,,"Composition Lavendar T-shirt made of 100% polyester, is engineered with Dri-Fit technology, has a V-neck, short sleeves, and graphic print on the front Fitting Comfort Wash care Machine wash cold with like colours Do not dry clean or bleach Tumble dry low Warm iron Go by the graphic print and Just Do It with this T-shirt from nike. Crafted from soft polyester fabric and engineered with Dri-Fit technology, this T-shirt offers exemplary dry comfort, making it a great everyday wear for your healthy runs and casual days. Team this tee with jeans and running shoes for a sporty look. Add on a hooded sweatshirt for exemplary comfort during winters.",structured=['viscose']; detailed_text=['polyester'],polyester,description,exact_single_fibre_percentage,eligible_exact_single_fibre
59735,Briefs,Avirate Pink & Black Brief,100% nylon Hand wash,"Pink and black brief with elasticated waistband, lace detail and flower detail on the front 100% cotton gussets","structured=['elastane', 'nylon']; detailed_text=['cotton', 'nylon']",nylon,materials_care_desc,exact_single_fibre_percentage,eligible_exact_single_fibre
59732,Shapewear,Avirate Black Wired Corset Shapewear,"94% nylon, 6% spandex Hand wash","Black netted corset Padded and under-wired cups with red trims above the cups Adjustable straps, panelled front, boned at the sides Hook closure at the back","structured=['elastane', 'polyester']; detailed_text=['elastane', 'nylon']",nylon,materials_care_desc,exact_blend_percentages,known_blend_pending_policy
7635,Track Pants,Puma Men Black Track Pant,100% cotton Machine-wash,"Black solid track pants, has an elasticated waistband, two insert pockets",structured=['polyester']; detailed_text=['cotton'],cotton,materials_care_desc,exact_single_fibre_percentage,eligible_exact_single_fibre
44874,Tshirts,Puma Men Navy Blue T-shirt,,"Style Note This T-shirt from puma comes equipped with moisture management technology to help you keep going strong in the gym and on the field while not having to worry about sweating. Stylish, this T-shirt also does well for the fashion conscious dresser. Product Details Navy blue T-shirt, has a round neckline, raglan short sleeves, piping around the arm holes and branding on the left chest Material and Care 100% polyester Machine wash warm Tumble dry low Use cold iron Size and Fit Regular Fit The model (height 6' and shoulders 18"") is wearing a size M",structured=['viscose']; detailed_text=['polyester'],polyester,description,exact_single_fibre_percentage,eligible_exact_single_fibre
40078,Tshirts,ADIDAS Men Navy Blue T-shirt,,"Style Note adidas helps you avoid discomfort and keep dry and comfortable. This T-shirt, engineered with Climacool technology, offers you a flattering stylised look. Pair it with a pair of jeans and sports shoes on your day off, or with shorts and Sports shoes when you're hitting the gym. Product Details Dark blue T-shirt, has a round neckline, short sleeves with patented Adidas three stripes, branding on the chest and mesh and black panelling on the sides Material and Care 100% polyester Machine wash cool with like colours using a mild detergent Do not soak, tumble dry, bleach or dry clean Dry in shade Cold iron do not iron on decorations Size and Fit Regular fit The model (height 6' and shoulders 18"") is wearing a size M",structured=['viscose']; detailed_text=['polyester'],polyester,description,exact_single_fibre_percentage,eligible_exact_single_fibre
28703,Kurtas,W Women Printed Pink Kurta,,"Composition Pnk and blue printed kurta made of 100% cotton, has a V-neck, short raglan sleeves and slit side seams Fit Regular Wash care Wash dark colours separately Do not bleach Dry inside out in shade Warm iron; do not iron on decorations Every woman needs a choice of kurtas in her wardrobe. The USP of w is a simple, elegant silhouette, coupled with modern design details. In this kurta we see the traditional garment in a new avatar with w's innovative styling. For the conservative at heart, this piece can be worn with leggings and delicate sandals. For a boho chick meets rebel style, colour block this with bright capris. Model statistics The product is a size 8 on a model of height 5'8"", chest 33""",structured=['silk']; detailed_text=['cotton'],cotton,description,exact_single_fibre_percentage,eligible_exact_single_fibre
58646,Kurtas,ALayna Women Printed Grey Kurta,Blended cotton Hand wash separately in cold water using a mild detergent Flat dry inside out in shade Warm iron,"Grey printed woven kurta, has a U-neckline with mirror work and pintucks on the yoke, short sleeves with white piping on the cuffs and paneling at the hem",structured=['silk']; detailed_text=['cotton'],,materials_care_desc,named_blend_no_percentages,needs_review
31423,Kurtas,W Women Cream Kurta,,"Style Note Every woman needs a choice of kurtas in her wardrobe. The USP of w is a simple, elegant silhouette, coupled with modern design details. In this kurta we see the traditional garment in a new avatar with W's innovative styling. For the conservative at heart, this piece can be worn with leggings and delicate sandals. For a boho chick meets rebel style, colour block this with bright capris. Product Details White kurta made of 100% cotton, has a U-neck, short sleeves, and print above the hem Material and Care 100% cotton Wash care Wash dark colours separately Do not bleach Dry inside out in shade Warm iron do not iron on decorations Size and Fit Regular fit The model (height 5'8"" and chest 32"") is wearing a size M",structured=['silk']; detailed_text=['cotton'],cotton,description,exact_single_fibre_percentage,eligible_exact_single_fibre
28704,Kurtas,W Women Printed Lavender Kurta,,"Composition Lavender floral print kurta made of 100% cotton, has a V-neck, short sleeves and slit side seams Fit Regular Wash care Wash dark colours separately Do not bleach Dry inside out in shade Warm iron; do not iron on decorations Every woman needs a choice of kurtas in her wardrobe. The USP of w is a simple, elegant silhouette, coupled with modern design details. In this kurta we see the traditional garment in a new avatar with w's innovative styling. For the conservative at heart, this piece can be worn with leggings and delicate sandals. For a boho chick meets rebel style, colour block this with bright capris. Model statistics The product is a size 8 on a model of height 5'8"", chest 33""",structured=['silk']; detailed_text=['cotton'],cotton,description,exact_single_fibre_percentage,eligible_exact_single_fibre
28732,Kurtas,W Women Printed Green Kurta,,"Composition Green and pink floral print kurta made of 100% cotton, has a U-neck, short sleeves, buttoned chest placket and slit side seams Fit Regular Wash care Wash dark colours separately Do not bleach Dry inside out in shade Warm iron; do not iron on decorations Every woman needs a choice of kurtas in her wardrobe. The USP of w is a simple, elegant silhouette, coupled with modern design details. In this kurta we see the traditional garment in a new avatar with w's innovative styling. For the conservative at heart, this piece can be worn with leggings and delicate sandals. For a boho chick meets rebel style, colour block this with bright capris. Model statistics The product is a size 8 on a model of height 5'8"", chest 33""",structured=['silk']; detailed_text=['cotton'],cotton,description,exact_single_fibre_percentage,eligible_exact_single_fibre
33721,Leggings,Pieces Women Peach Leggings,93% Polyamide 7% Elastane Machine wash cold Do not iron,"Peach, stretchable leggings, elasticated at the waist and ankles","structured=['elastane', 'polyester']; detailed_text=['elastane', 'nylon']",nylon,materials_care_desc,exact_blend_percentages,known_blend_pending_policy
28735,Kurtas,W Women Printed Brown Kurta,,"Composition Brown and teal printed kurta made of 100% polyester, has a V-neck, short raglan sleeves and a vented hem Fit Regular Wash care Wash dark colours separately Do not bleach Dry inside out in shade Warm iron Every woman needs a choice of kurtas in her wardrobe. The USP of w is a simple, elegant silhouette, coupled with modern design details. In this kurta we see the traditional garment in a new avatar with w's innovative styling. For the conservative at heart, this piece can be worn with leggings and delicate sandals. For a boho chick meets rebel style, colour block this with bright capris. Model statistics The product is a size 8 on a model of height 5'8"" and chest 33""",structured=['silk']; detailed_text=['polyester'],polyester,description,exact_single_fibre_percentage,eligible_exact_single_fibre
33719,Leggings,Pieces Women Blue Leggings,93% Polyamide 7% Elastane Machine wash cold Do not iron,"Blue, stretchable leggings, elasticated at the waist and ankles","structured=['elastane', 'polyester']; detailed_text=['elastane', 'nylon']",nylon,materials_care_desc,exact_blend_percentages,known_blend_pending_policy
37716,Tshirts,John Players Men Striped Blue T-shirt,,"Style note Crafted from cotton knit, this polo T-shirt from john players is designed to offer exemplary comfort and style. The vibrant colour ups your energy factor, while the ribbed cuffs sit snug on well-toned arms. Team it with jeans and sneakers. Product Details Blue, white and grey striped polo neck T-shirt, has short sleeves with ribbed cuffs and chest buttoned placket Material and Care 100% polyester Machine wash cold using a mild detergent Do not bleach or wring Tumble dry low and dry flat in shade inside out Warm iron Size and Fit Regular Fit The model (height 6' and shoulders 18"") is wearing a size L","structured=['viscose']; detailed_text=['cotton', 'polyester']",polyester,description,exact_single_fibre_percentage,eligible_exact_single_fibre
50046,Bra,Hanes Women Black Moulded Tee Shirt Bra,"Cup, back, strap, inner side frame lining: 82% nylon, 18% spandex Centre front and strap extension lining: 100% nylon Cup linings: 100% polyester Cup pad: 100% polyurethane foam Hand wash warm","Black moulded T-shirt bra with ultra-smooth seamless cups which are invisible underneath clothing ComfortSoft sturdy straps stay in place Moulded, contour, wireless cups shape and support the breasts with all-over flexible, light foam padding for modesty Hook and eye closure Owing to the intimate nature of this product it is eligible for self-ship return only (no pick-up facility)","structured=['cotton']; detailed_text=['elastane', 'nylon', 'polyester', 'polyurethane']",nylon,materials_care_desc,role_specific_or_multi_part_composition,needs_role_review
45534,Tshirts,Fila Men White T-shirt,,"Style Note The polo shirt has ventured far from its athletic roots to secure a permanent place in our weekend wardrobe. fila's tees have been given a contemporary boost with a comfortable feel to boost. Wear it with tonal shorts or earthy chinos for an assured look on relaxed Saturday morning strolls Product Details White polo t-shirt that has a ribbed collar, short sleeves, half buttoned placket, a red stripe across the chest extending diagonally downwards towards the left hem and printed branding on the left sleeve Material and Care 100% polyester Machine wash below 40 degrees with like colours using mild detergent Do not soak, tumble dry or bleach Dry in shade Warm iron do not iron on decorations Dry clean if necessary Size and Fit Regular fit The model (height:6' and shoulders: 18"") is wearing a size M",structured=['cotton']; detailed_text=['polyester'],polyester,description,exact_single_fibre_percentage,eligible_exact_single_fibre
59702,Shapewear,Avirate Black Wired Corset Shapewear,"94% nylon, 6% spandex Hand wash","Black satiny corset with beige trims above the cups Mock buttoned placket along the front Padded and under-wired cups with scalloped edges Adjustable straps, boned at the sides Hook closure at the back","structured=['elastane', 'polyester']; detailed_text=['elastane', 'nylon']",nylon,materials_care_desc,exact_blend_percentages,known_blend_pending_policy
59733,Shapewear,Avirate Pink Wired Corset Shapewear,"94% nylon, 6% spandex Hand wash","Pink sheer corset with white trims above the cups Padded and under-wired cups with scalloped edges Adjustable straps, panelled net sides, boned at the sides Concealed hook closure at the back","structured=['elastane', 'polyester']; detailed_text=['elastane', 'nylon']",nylon,materials_care_desc,exact_blend_percentages,known_blend_pending_policy
7430,Tunics,W Women Square Neck Short Sleeve Purple Tunic,Wash dark colors separately Do not bleach Dry inside out in shade Warm iron,"White square neck printed tunic with short sleeves, made of 100% viscose, with attached fabric panels and pockets and smocked detailing on the back",structured=['cotton']; detailed_text=['viscose'],viscose,description,exact_single_fibre_percentage,eligible_exact_single_fibre
36236,Kurtas,W Women Printed Blue Kurta,,"Style Note Every woman needs a choice of kurtas in her wardrobe. The USP of w is a simple, elegant silhouette, coupled with modern design details. In this kurta we see the traditional garment in a new avatar with W's innovative styling. For the conservative at heart, this piece can be worn with leggings and delicate sandals. For a boho chick meets rebel style, colour block this with bright capris. Product Details Blue printed kurta made of 100% cotton, has a round neck, three fourth sleeves and a vented hem Material and Care 100% cotton Wash care Wash dark colours separately Do not bleach Dry inside out in shade Warm iron do not iron on decorations Size and Fit Regular fit The model (height 5'8"" and chest 32"") is wearing a size M",structured=['silk']; detailed_text=['cotton'],cotton,description,exact_single_fibre_percentage,eligible_exact_single_fibre
28625,Tshirts,Nike Men Media Blue Polo T-shirt,Machine wash cold at 30 degrees with like colours Do not bleach or dry clean Tumble dry low Warm iron; do not iron on decorations,"Blue polo T-shirt for men made of 100% polyester, has short sleeves, chest placket, vented hem and nike tag on the left chest",structured=['cotton']; detailed_text=['polyester'],polyester,description,exact_single_fibre_percentage,eligible_exact_single_fibre
27467,Briefs,Jockey Women Skin Bikini Brief,,"Style Note In the past, looking good meant compromising on your comfort, but now, jockey briefs for women aims to change all that. jockey uses a variety of extra comfy and stretchy fabrics to create the most fashionable women's underwear styles. You can be sure that when you wear panties from Jockey, you're choosing all-day comfort. Now, looking good can be comfortable too! Product Details Bikini brief that is silky smooth with unique leg treatment Falls just below the natural waistline with no panty line promise The feminine bikini cut flatters your figure Fashionable ultra soft elastic that leaves no marks on your skin Material and Care Elastane stretch fabric Machine wash delicate at 40 degrees with like colours Do not bleach, iron or dry clean Flat dry in shade",structured=['cotton']; detailed_text=['elastane'],cotton,article_attributes_fabric,single_fibre_claim_unquantified,main_material_proxy_only
59677,Briefs,Avirate Black & White  Brief,100% nylon Hand wash,Black brief with elasticated waistband White lace trims on the legs and waistband Bow detail with heart shaped beads on the front 100% cotton gussets,"structured=['cotton', 'polyester']; detailed_text=['cotton', 'nylon']",nylon,materials_care_desc,exact_single_fibre_percentage,eligible_exact_single_fibre
18278,Kurtas,Aneri Women Simi Blue Kurta,,"Composition Blue printed kurta made of 100% cotton, has a mandrain collar with a V-neck, pin tucks running from the shoulders to the bust, three-quarter sleeves with lace and pin tuck detailing, and has a vented hem Fit Regular Wash care Wash separately in cold water using a mild detergent Wear your art on the go and flaunt your ethno-modern sense of style with ease by slipping into this kurta from aneri. The fabric offers exemplary comfort, while the pin tucks and lace detailing heightens the fashion statement of this kurta. Team it with leggings or patialas and chunky earrings. Model statistics The product is a size S on a model of height 5'7"" and chest 32""",structured=['silk']; detailed_text=['cotton'],cotton,description,exact_single_fibre_percentage,eligible_exact_single_fibre
59684,Briefs,Avirate Magenta Hi-Leg Brief,100% nylon Hand wash,Maroon high-leg briefs with beige waistband Elasticated waist band with a bow and gold toned embellishment 100% cotton gussets,"structured=['elastane', 'nylon']; detailed_text=['cotton', 'nylon']",nylon,materials_care_desc,exact_single_fibre_percentage,eligible_exact_single_fibre
44799,Tops,Spykar Women Black Top,100% linen Hand wash cold Flat dry in shade Warm iron,"Black top, has a ribbed V-neckline, short sleeves with ribbed cuffs, crystal embellished branding on the left chest and a slightly tapering hem",structured=['lyocell']; detailed_text=['linen'],linen,materials_care_desc,exact_single_fibre_percentage,eligible_exact_single_fibre
27433,Bra,Jockey Women Grey Melange Eva Sports Bra,,"Style Note jockey bras offer the best comfort and support for any occasion. This is one brand you can rely on to give you the comfort you need without letting you down in the style stakes. From Sports bras to glamorous evening-wear options, jockey bras make sure you get the look and support you need, whatever your shape or requirements. These sports bras from Jockey are ideal athletic and gym wear. Product Details Grey Melange sports racerback bra, has soft moulded seamless cups, modern styling with wider armholes which provide freedom of movement and excellent Fit, double layered cups and soft bottom band which helps to keep bust in place, soft cushioned hook and eye and wider straps for extra support and comfort Material and Care Cotton/elastane Hand wash Do not bleach or iron Drip dry","structured=['elastane', 'polyester']; detailed_text=['cotton', 'elastane']",,article_attributes_fabric,named_blend_no_percentages,needs_review
53780,Tshirts,Puma Men Black T-shirt,100% polyester Machine wash cold Do not bleach or tumble dry Use cool iron,"Black sleeveless T-shirt, has a round neckline, puma cat branding in front and back and fluorescent panels on the right and left side in front",structured=['cotton']; detailed_text=['polyester'],polyester,materials_care_desc,exact_single_fibre_percentage,eligible_exact_single_fibre
51024,Bra,Enamor Cream Smooth Bra,91% nylon and 9% spandex Hand wash,"Cream underwired, high-coverage bra with bow detail in front with pretty lace Adjustable shoulder straps Back hook closure Owing to intimate nature of this product it is eligible for self-ship return only (no pick-up facility)","structured=['cotton', 'polyester']; detailed_text=['elastane', 'nylon']",nylon,materials_care_desc,exact_blend_percentages,known_blend_pending_policy
27468,Briefs,Jockey Women White Briefs,,"Style Note In the past, looking good meant compromising on your comfort, but now, jockey briefs for women aims to change all that. jockey uses a variety of extra comfy and stretchy fabrics to create the most fashionable women's underwear styles. You can be sure that when you wear panties from Jockey, you're choosing all-day comfort. Now, looking good can be comfortable too! Product Details Bikini brief that is silky smooth with unique leg treatment Falls just below the natural waistline with no panty line promise The feminine bikini cut flatters your figure Fashionable ultra soft elastic that leaves no marks on your skin Material and Care Elastane stretch fabric Machine wash delicate at 40 degrees with like colours Do not bleach, iron or dry clean Flat dry in shade",structured=['cotton']; detailed_text=['elastane'],cotton,article_attributes_fabric,single_fibre_claim_unquantified,main_material_proxy_only
43911,Kurtas,W Women Off White Shrug,"96% cotton, 4% nylon Wash dark colours separately Do not bleach Steam iron only","Sleeveless off-white lace shrug with lace trims, yoke at the back, extended arm openings","structured=['silk']; detailed_text=['cotton', 'nylon']",cotton,materials_care_desc,exact_blend_percentages,known_blend_pending_policy
1671,Tshirts,Reebok Men Black Polo T-shirt,,"Look great in this 100% polyester, sweat absorbing t-shirt and feel dry all day!",structured=['cotton']; detailed_text=['polyester'],polyester,description,exact_single_fibre_percentage,eligible_exact_single_fibre
18277,Kurtas,Aneri Women Navya Multi Kurta,,"Composition Multi-coloured kurta made of 100% cotton, has square neck and broad armhole piping with pintucks which forms the straps over the shoulder, panel stitch from the neckline and patterning all over Fit Regular Wash care Wash in cold water Dry clean only Classic patterning on contemporary styles by aneri creates this kurta for women. Timelessly chic, this piece will never go out of style. Wear it with tonal leggings and pumps for ethnic glam or with form fitting denims and flats for a casual do. Model statistics The product is a size S on a model of height 5'8"" and chest 33""",structured=['silk']; detailed_text=['cotton'],cotton,description,exact_single_fibre_percentage,eligible_exact_single_fibre
6267,Tshirts,Lee Women's Monica Black T-shirt,,"Composition Black top made of 100% viscose rayon, with a boat neck, dolman sleeves, ribbed hemline, and graphic and glitter print on the right chest and sleeve Fitting Comfort Wash care Hand wash cold Wash dark colours separately Use mild detergent Do not bleach Do not wring or tumble dry Flat dry in shade Warm iron Do not iron on print/embellishments With a subtle silky appearance, this top from lee is all set to silhouette you perfectly, giving you that glamorous edge. The graphic running along the right sleeve enhances the style quotient of this tee, while the ribbed hem makes it Fit well along the lower waist. Team it with jeans and sleek sandals for that stylish edge. Model statistics The model wears size M in t-shirts Height-5.7"", Chest-33"", Waist-26""",structured=['cotton']; detailed_text=['viscose'],viscose,description,exact_single_fibre_percentage,eligible_exact_single_fibre
26380,Trousers,Turtle Men Striped Black Trousers,,"Composition Black striped trousers made of a polyester/viscose blend, has a flat front, two side pockets, two back pockets with button closures, comfortable waistband with belt loops, and a zipper and button closure on the front Fit Regular Wash care Delicate cold wash Hang to dry in shade Iron with medium heat Do not bleach Take formal dressing to the next level in this pair of polyviscose trousers from turtle. The fabric falls neatly, offering all day comfort. Pair it with a crisp formal shirt, a blazer, stylish cufflinks and leather shoes. Model statistics Product is a size 32 on a model of height 6' waist 32"" and hips 40""","structured=['cotton']; detailed_text=['polyester', 'viscose']",cotton,article_attributes_fabric,single_fibre_claim_unquantified,main_material_proxy_only
54330,Briefs,Garfield Women Black & Pink Cheeky Pack of two Hipster Briefs,84% polyamide 16% elastane Machine wash gently,The final product delivered may vary in colour and prints from the display here,"structured=['elastane', 'polyester']; detailed_text=['elastane', 'nylon']",nylon,materials_care_desc,exact_blend_percentages,known_blend_pending_policy
14621,Tshirts,United Colors of Benetton Men Stripes White Tshirts,,"Composition White and black polo neck T-shirt made of 100% tricot wool, has a ribbed collar with a buttoned chest placket, short sleeves with ribbed hems, and has a ribbed hemline Fitting Regular Wash care Delicate machine wash cold Do not bleach, scrub, wring or tumble dry Hang dry in shade Warm iron Classic and cosy, this polo neck T-shirt from united colors of benetton is created using tricot wool fabric to keep you warm and comfortable this winter. The ribbed hemline and sleeve hems keeps the winter chill at bay and adds a playful spirit to your weekend look. Pair it with jeans and sports shoes , and throw a casual blazer on to create a quietly confident style statement. Model statistics The model wears size M in t-shirts Height: 6' Shoulders: 18""",structured=['cotton']; detailed_text=['wool'],wool,description,exact_single_fibre_percentage,eligible_exact_single_fibre
39542,Bra,Bwitch Cream Bra,"80% polyamide, 20% elastane Hand wash, drip dry in shade Do not wring, iron, bleach Wash dark colours separately","Beige Ultra Boost brassiere for support, maximum cleavage and a contoured shape Adjustable, elasticated shoulder straps A push-up/ push-in construction with moulded padding (adding two cup sizes) Satin microfibre fabric Owing to the intimate nature of this product it is eligible for self-ship return only (no pick-up facility)","structured=['elastane', 'polyester']; detailed_text=['elastane', 'nylon']",nylon,materials_care_desc,exact_blend_percentages,known_blend_pending_policy
7562,Tshirts,Nike Men's As T90 Ss Top T-Shirt,,"Composition Black round neck t-shirt made of 100% polyester, engineered with Dri-Fit technology, has a blue border around the neck, fabric tape detailing on inseam of the neckline, short sleeves, nike swoosh embroidered on the right chest and T90 lettering on the left chest, blue mesh panels on the side and self coloured sublimated print on the back Fitting Regular Wash care Machine wash in cold water with like colours at 30 degree C Do not use softeners or bleach Remove immediately Do not allow to lay on itself when wet Tumble dry low Do not iron Do not dry clean Get ready to score goals in style in this lightweight nike T90 football training t-shirt. This high-performance tee from Nike made of Dri-Fit fabric wicks away sweat and offers superior ventilation, helping you play longer. Team this with tracks and Nike soccer cleats for superb action on the football field.",structured=['cotton']; detailed_text=['polyester'],polyester,description,exact_single_fibre_percentage,eligible_exact_single_fibre
40579,Kurtas,W Women Navy Blue Kurta,,"Style Note Every woman needs a choice of kurtas in her wardrobe. The USP of w is a simple, elegant silhouette, coupled with modern design details. In this kurta we see the traditional garment in a new avatar with W's innovative styling. Wear this piece with leggings and delicate sandals. Product Details Blue printed kurta has a round neck with cut-out design around the neckline, short sleeves with cut-out design around the armhole, tucks on the front and a vented hem Material and Care 100% Viscose Wash dark colours separately Do not bleach Dry inside out in shade Warm iron do not iron on decorations Size and Fit Regular Fit The model (height 5'8â &euro Ã?Â?Ã?Â?Ã?Â?Ã?Â???Ã?Â?Ã?Â?Ã?Â?Ã?Â???Ã?Â?Ã?Â?Ã?Â?Ã?Â???Ã?Â?Ã?Â?Ã?Â?Ã?Â???Ã?Â?Ã?Â?Ã?Â?Ã?Â???Ã?Â?Ã?Â?Ã?Â?Ã?Â???Ã?Â?Ã?Â?Ã?Â?Ã?Â???Ã?Â?Ã?Â?Ã?Â?Ã?Â??Ã?Â?Ã?Â?Ã?Â?Ã?Â?Ã?Â?Ã?Â?Ã?Â?Ã?Â¯Ã?Â?Ã?Â?Ã?Â?Ã?Â???Ã?Â?Ã?Â?Ã?Â?Ã?Â???Ã?Â?Ã?Â?Ã?Â?Ã?Â???Ã?Â?Ã?Â?Ã?Â?Ã?Â??Ã?Â?Ã?Â?Ã?Â?Ã?Â?Ã?Â?Ã?Â?Ã?Â?Ã?Â¢Ã?Â?Ã?Â?Ã?Â?Ã?Â???Ã?Â?Ã?Â?Ã?Â?Ã?Â???Ã?Â?Ã?Â?Ã?Â?Ã?Â???Ã?Â?Ã?Â?Ã?Â?Ã?Â???Ã?Â?Ã?Â?Ã?Â?Ã?Â???Ã?Â?Ã?Â?Ã?Â?Ã?Â???Ã?Â?Ã?Â?Ã?Â?Ã?Â???Ã?Â?Ã?Â?Ã?Â?Ã?Â??Ã?Â?Ã?Â?Ã?Â?Ã?Â?Ã?Â?Ã?Â?Ã?Â?Ã?Â Ã?Â?Ã?Â?Ã?Â?Ã?Â???Ã?Â?Ã?Â?Ã?Â?Ã?Â???Ã?Â?Ã?Â?Ã?Â?Ã?Â???Ã?Â?Ã?Â?Ã?Â?Ã?Â??Ã?Â?Ã?Â?Ã?Â?Ã?Â?Ã?Â?Ã?Â?Ã?Â?Ã?Â¯Ã?Â?Ã?Â?Ã?Â?Ã?Â???Ã?Â?Ã?Â?Ã?Â?Ã?Â???Ã?Â?Ã?Â?Ã?Â?Ã?Â???Ã?Â?Ã?Â?Ã?Â?Ã?Â??Ã?Â?Ã?Â?Ã?Â?Ã?Â?Ã?Â?Ã?Â?Ã?Â?Ã?Â¿Ã?Â?Ã?Â?Ã?Â?Ã?Â???Ã?Â?Ã?Â?Ã?Â?Ã?Â???Ã?Â?Ã?Â?Ã?Â?Ã?Â???Ã?Â?Ã?Â?Ã?Â?Ã?Â??Ã?Â?Ã?Â?Ã?Â?Ã?Â?Ã?Â?Ã?Â?Ã?Â?Ã?Â½ and chest 32â &euro Ã?Â?Ã?Â?Ã?Â?Ã?Â???Ã?Â?Ã?Â?Ã?Â?Ã?Â???Ã?Â?Ã?Â?Ã?Â?Ã?Â???Ã?Â?Ã?Â?Ã?Â?Ã?Â???Ã?Â?Ã?Â?Ã?Â?Ã?Â???Ã?Â?Ã?Â?Ã?Â?Ã?Â???Ã?Â?Ã?Â?Ã?Â?Ã?Â???Ã?Â?Ã?Â?Ã?Â?Ã?Â??Ã?Â?Ã?Â?Ã?Â?Ã?Â?Ã?Â?Ã?Â?Ã?Â?Ã?Â¯Ã?Â?Ã?Â?Ã?Â?Ã?Â???Ã?Â?Ã?Â?Ã?Â?Ã?Â???Ã?Â?Ã?Â?Ã?Â?Ã?Â???Ã?Â?Ã?Â?Ã?Â?Ã?Â??Ã?Â?Ã?Â?Ã?Â?Ã?Â?Ã?Â?Ã?Â?Ã?Â?Ã?Â¢Ã?Â?Ã?Â?Ã?Â?Ã?Â???Ã?Â?Ã?Â?Ã?Â?Ã?Â???Ã?Â?Ã?Â?Ã?Â?Ã?Â???Ã?Â?Ã?Â?Ã?Â?Ã?Â???Ã?Â?Ã?Â?Ã?Â?Ã?Â???Ã?Â?Ã?Â?Ã?Â?Ã?Â???Ã?Â?Ã?Â?Ã?Â?Ã?Â???Ã?Â?Ã?Â?Ã?Â?Ã?Â??Ã?Â?Ã?Â?Ã?Â?Ã?Â?Ã?Â?Ã?Â?Ã?Â?Ã?Â Ã?Â?Ã?Â?Ã?Â?Ã?Â???Ã?Â?Ã?Â?Ã?Â?Ã?Â???Ã?Â?Ã?Â?Ã?Â?Ã?Â???Ã?Â?Ã?Â?Ã?Â?Ã?Â??Ã?Â?Ã?Â?Ã?Â?Ã?Â?Ã?Â?Ã?Â?Ã?Â?Ã?Â¯Ã?Â?Ã?Â?Ã?Â?Ã?Â???Ã?Â?Ã?Â?Ã?Â?Ã?Â???Ã?Â?Ã?Â?Ã?Â?Ã?Â???Ã?Â?Ã?Â?Ã?Â?Ã?Â??Ã?Â?Ã?Â?Ã?Â?Ã?Â?Ã?Â?Ã?Â?Ã?Â?Ã?Â¿Ã?Â?Ã?Â?Ã?Â?Ã?Â???Ã?Â?Ã?Â?Ã?Â?Ã?Â???Ã?Â?Ã?Â?Ã?Â?Ã?Â???Ã?Â?Ã?Â?Ã?Â?Ã?Â??Ã?Â?Ã?Â?Ã?Â?Ã?Â?Ã?Â?Ã?Â?Ã?Â?Ã?Â½) is wearing a size WS",structured=['silk']; detailed_text=['viscose'],viscose,description,exact_single_fibre_percentage,eligible_exact_single_fibre
48384,Jeans,French Connection Men Blue Jeans,,"Style Note The English brand gets it right with these understated denims. This pair of french connection jeans add a distinct personality to your off-duty staples. Get the casual yet dressy look just right with this pair. Wear this with that edgy button-up cardi, over a pastel shirt and a slim tie (with tonal desert boots). A monochrome or a printed tee is the right choice for a pared down look. Product Details Blue jeans with a slightly washed look, has a button and zipper closure in the front, two insert pockets at the right front and one at the left, two patch pockets at the back, loops at the waistband and contrast stitch detail above the hem. Has one loop below the waist band at the back to wear a low-slung bet. Material and care 100% cotton Wash as cotton Wash and dry inside out Size and Fit Skinny Fit The model (height 6' and waist 32"") is wearing a size 32","structured=['cotton', 'elastane']; detailed_text=['cotton', 'down']",cotton,description,exact_single_fibre_percentage,eligible_exact_single_fibre
7302,Tshirts,UCB Women's Short Sleeve Blue Red T-shirt,,"Composition Blue round neck t-shirt with mega sleeves, made of 100% viscose, with graphic print and lettering on the front, very lightly ribbed neckline and cuff, and a pleat at the back Fitting Regular Wash care Gentle machine wash in cool water at 30 degrees inside out, using a mild detergent Do not scrub or bleach Do not tumble dry Do not wring or dry in direct sunlight Dry flat in shade inside out Cool iron inside out Do not iron directly on print/embroidery/sequence/beads Do not dry clean Smart meets cute and saucy in this blue t-shirt from the united colors of benetton. With adorable mega sleeves and a funky graphic print, this tee will take you higher up on the fashion chart. Pair it with jeans or shorts for a completely laid back look. Model statistics The model wears size M in t-shirts Height-5.7'', Chest:32",structured=['cotton']; detailed_text=['viscose'],viscose,description,exact_single_fibre_percentage,eligible_exact_single_fibre
18260,Kurtas,Aneri Women Trisha Brown Kurta,,"Composition Brown sleeveless kurta made of 100% cotton, has a mandarin collar with a slit neck, metal beading on the chest, panel stitch on the chest and hem, and a vented hem Fit Regular Wash care Wash in cold water Dry clean only Classic patterning on contemporary styles by aneri creates this kurta for women. Timelessly chic, this piece will never go out of style. Wear it with tonal leggings and pumps for ethnic glam or with form fitting denims and flats for a casual do. Model statistics The product is a size S on a model of height 5'8"" and chest 33""",structured=['silk']; detailed_text=['cotton'],cotton,description,exact_single_fibre_percentage,eligible_exact_single_fibre
40577,Kurtas,W Women Blue Kurta,,"Style Note Every woman needs a choice of kurtas in her wardrobe. The USP of w is a simple, elegant silhouette, coupled with modern design details. In this kurta we see the traditional garment in a new avatar with W's innovative styling. Wear this piece with leggings and delicate sandals. Product Details Blue kurta with a round neck, short sleeves, cut-out design on the front and a curved hem Material and Care 100% Viscose Wash dark colours separately Do not bleach Dry inside out in shade Warm iron do not iron on decorations Size and Fit Regular Fit The model (height 5'8 and chest 32) is wearing a size WS",structured=['silk']; detailed_text=['viscose'],viscose,description,exact_single_fibre_percentage,eligible_exact_single_fibre
18267,Kurtas,Aneri Women Navranga Multi Kurta,,"Composition Multi-coloured kurta made of 100% cotton, has square neck and broad armhole piping with pin tucks which forms the straps over the shoulder, panel stitch from the neckline and floral patterning all over Fit Regular Wash care Wash in cold water Dry clean only Classic patterning on contemporary styles by aneri creates this kurta for women. Timelessly chic, this piece will never go out of style. Wear it with tonal leggings and pumps for ethnic glam or with form fitting denims and flats for a casual do. Model statistics The product is a size S on a model of height 5'8"" and chest 33""",structured=['silk']; detailed_text=['cotton'],cotton,description,exact_single_fibre_percentage,eligible_exact_single_fibre
52482,Baby Dolls,Red Rose Red & Black Nightdress,Blended nylon fabric Hand wash,"Black strappy night dress with frills at the bust, printed red hearts below the bust, open from below the bust to the hem in the front and ruffles at the hem Comes with a matching pair of bikini briefs",structured=['polyester']; detailed_text=['nylon'],,materials_care_desc,named_blend_no_percentages,needs_review
54311,Briefs,Garfield Women Pink Cheeky Hipster Briefs,90% polyamide 10% elastane Hand wash gently,Pink bikini style briefs with brand print elasticated waistband and brand print in front,"structured=['elastane', 'polyester']; detailed_text=['elastane', 'nylon']",nylon,materials_care_desc,exact_blend_percentages,known_blend_pending_policy
28693,Kurtas,W Women Striped Rust Kurta,Wash dark colours separately Do not bleach Dry inside out in shade Warm iron,"Rust sleeveless and striped kurta made of 100% cotton, has a V-neck with a vented hem",structured=['silk']; detailed_text=['cotton'],cotton,description,exact_single_fibre_percentage,eligible_exact_single_fibre
54329,Briefs,Garfield Women Black String Briefs,90% polyamide 10% elastane Hand wash gently,"Black and pink thong style briefs with top stitch detailing and brand print in front, lace detailing on the sides, elasticated waistband with a brand print bow at the back","structured=['elastane', 'polyester']; detailed_text=['elastane', 'nylon']",nylon,materials_care_desc,exact_blend_percentages,known_blend_pending_policy
31311,Kurtas,W Women Green Kurta,,"Style Note Every woman needs a choice of kurtas in her wardrobe. The USP of w is a simple, elegant silhouette, coupled with modern design details. In this kurta we see the traditional garment in a new avatar with W's innovative styling. For the conservative at heart, this piece can be worn with leggings and delicate sandals. For a boho chick meets rebel style, colour block this with bright capris. Product Details Green and white printed kurta made of 100% cotton, has a deep U-neckline, is sleeveless, has a chest buttoned placket and a curved hem Material and Care 100% cotton Wash care Wash dark colours separately Do not bleach Dry inside out in shade Warm iron do not iron on decorations Size and Fit Regular fit The model (height 5'8"" and chest 32"") is wearing a size M",structured=['silk']; detailed_text=['cotton'],cotton,description,exact_single_fibre_percentage,eligible_exact_single_fibre
59090,Bra,Peri Peri Women Black Bra,93% cotton and 7% spandex Hand wash,"Black brassiere, has floral bow detail between the cups, adjustable straps with lace trimmings and adjustable double hook and eye closure at the back Owing to intimate nature of this product it is eligible for self-ship return only (no pick-up facility)","structured=['elastane', 'nylon']; detailed_text=['cotton', 'elastane']",cotton,materials_care_desc,exact_blend_percentages,known_blend_pending_policy
52478,Baby Dolls,Red Rose Red Nightdress,Blended nylon net fabric Hand wash,A red strappy night dress with a sash below the bust in black Comes with a bikini brief,structured=['polyester']; detailed_text=['nylon'],,materials_care_desc,named_blend_no_percentages,needs_review
51838,Briefs,Bwitch Women Black Brief,100% polyester Hand wash cold Hang to dry,This pair of shape-wear from bw!tch will make you look in perfect shape and hide those extra bulges. It tones the hips and minimizes the waist size. Now that's something worth investing in!,"structured=['elastane', 'nylon']; detailed_text=['polyester']",polyester,materials_care_desc,exact_single_fibre_percentage,eligible_exact_single_fibre
19581,Tshirts,United Colors of Benetton Men Printed White Tshirt,,"Composition White round neck t-shirt made of 70% modal and 30% polyester, has short sleeves and graphic print on the chest Fit Regular Wash care Delicate machine wash in cold water at 30 C with like colours using a mild detergent Do not bleach, scrub, tumble dry, wring or dry clean Dry flat in shade Warm iron Do not iron on decorations Family ties the graphic on the front says it all on this fabulous t-shirt from united colors of benetton. The short sleeves and the soft blend of modal/polyester fabric keeps you fresh and comfortable all day. Pair it with jeans and canvas shoes for that special family outing. Model Statistics Product is a size M on a model of height 6' and shoulders 18& rdquo","structured=['cotton']; detailed_text=['modal', 'polyester']",modal,description,exact_blend_percentages,known_blend_pending_policy
54929,Tshirts,Do u speak Green Men Yellow T-shirt,100% organic cotton Machine wash,"Yellow T-shirt, has a round, ribbed neckline, short sleeves, graphic print on the chest with stitched and appliqué d detail and print and branding at the back with stitched deail",structured=['bamboo']; detailed_text=['cotton'],cotton,materials_care_desc,exact_single_fibre_percentage,eligible_exact_single_fibre
12532,Jackets,Puma Women Solid Black Jackets,,"Composition Black and white sweatshirt made of 100% polyester, has long sleeves with ribbed cuffs, full front zipper with a ribbed hem, has two zippered pockets on the sides, and branding printed on left chest Fitting Comfort Wash care only hand wash in cold water using a mild detergent Do not soak or wring Dry flat in shade and set shape when wet Moderate warm iron Welcome the winter in style this season with this sweatshirt from puma. The thick fabric is sure to keep the winter chill at bay, while you can slip your hands into the pockets to keep them warm. Wear this sweatshirt over jeans to keep the cold winds away. Model statistics The model wears size M in sweatshirts Height: 6'3”; Shoulders: 19""",structured=['cotton']; detailed_text=['polyester'],polyester,description,exact_single_fibre_percentage,eligible_exact_single_fibre
54327,Bra,Garfield Women Black Bra GFA12-026,"90% polyamide, 10% elastane Hand wash gently","Article number: GFA12-026 Black and pink, underwired, push up bra, soft padded cups with print on the left cup, plunging neckline, adjustable straps, lace on the side wings and three rows of hook-and-eye closure on the back Owing to intimate nature of this product it is eligible for self-ship return only (no pick-up facility)","structured=['elastane', 'polyester']; detailed_text=['elastane', 'nylon']",nylon,materials_care_desc,exact_blend_percentages,known_blend_pending_policy
19982,Tshirts,United Colors of Benetton Men Printed Black TShirt,,"Composition Black round neck t-shirt made of 70% modal and 30% polyester, has short sleeves and rubber print on the chest Fit Comfort Wash care Delicate machine wash at 30 degrees with like colours using a mild detergent Do not tumble dry, wring, scrub, bleach or dry clean Dry flat in shade Cool iron do not iron on decorations Its all about lenses, film and exposure when you wear this graphic t-shirt from the united colors of benetton, and there is no better way to create memories than photographs. The short sleeves contour your well-toned arms perfectly, while the soft blend of the modal/polyester fabric keeps you fresh and focused. Team this with jeans or shorts and sports shoes for that cool, casual look. Model Statistics Product is a size M on a model of height 6' and shoulders 18& rdquo","structured=['cotton']; detailed_text=['modal', 'polyester']",modal,description,exact_blend_percentages,known_blend_pending_policy
56289,Bra,Biara Women Wine Bra,Nylon / spandex Hand wash only,"Wine coloured brassiere, has embroidered lace detail on top of the cups, bow detail in the centre in front, lined cups for added support, thin adjustable shoulder straps and adjustable double hook closure at the back Owing to the intimate nature of this product it is eligible for self-ship return only (no pick-up facility)","structured=['cotton', 'elastane']; detailed_text=['elastane', 'nylon']",,materials_care_desc,named_blend_no_percentages,needs_review
53396,Kurtas,Alma Women Purple Printed Kurta,Cotton Machine wash Wash dark colours separately Dry in shade Warm iron,"Woven purple printed kurta, has a mandarin collar with a split V-neckline, has a half buttoned placket, pintucks on the chest, short sleeves and a vented hem",structured=['silk']; detailed_text=['cotton'],cotton,materials_care_desc,single_fibre_claim_unquantified,main_material_proxy_only
59693,Bra,Avirate Women Pink Bra,100% nylon Hand wash,"Pink all lace brassiere, has thin shoulder straps, double layered cups, bow detail in the front in centre and adjustable double, hook and eye closure at the back","structured=['cotton', 'elastane']; detailed_text=['nylon']",nylon,materials_care_desc,exact_single_fibre_percentage,eligible_exact_single_fibre
6684,Tshirts,UCB Women's Pleat At Back Yellow T-shirt,,"Composition Yellow round neck top made of 100% viscose, with cap sleeves that have ribbed hems, pleat at the mid back and graphic print on the front Fitting Comfort Wash care Hand wash in cold water Use mild detergent Do not dry clean Do not wring Do not bleach Do not scrub Dry flat in shade Warm iron Do not iron directly on print/embroidery Wash, dry and iron inside out Flaunt your stylish persona with no qualms in this yellow top from united colors of benetton. While the cap sleeves accentuate your well-toned arms, the pleated mid-back enhances your waistline. Team this with jeans and sleek heeled sandals for a fashionista look. Model statistics The model wears size M in t-shirts Height-5.6"", Chest-32""",structured=['cotton']; detailed_text=['viscose'],viscose,description,exact_single_fibre_percentage,eligible_exact_single_fibre
8781,Shirts,Indigo Nation Men Bling Technification Purple Shirts,,"Composition Woven burgundy red and black checked shirt, made of 100% polyester, has a tipped collar, front buttoned placket, full length sleeves with buttoned cuffs, pocket on left chest and a curved hemline Fitting Regular Wash care Wash dark colours separately Hand wash or machine wash cold using mild detergent Do not wring or bleach Flat dry in shade Do not iron on print Add immense style to your formal look with this indigo nation shirt. Be the cynosure of all eyes in this stylish shirt, while the fabric keeps you fresh and comfortable all day. Pair it with formal pants, denims or corduroys and black footwear for stylish formal and casual looks. Model statistics The model wears size 40 in shirts Height: 6; Shoulders: 18",structured=['cotton']; detailed_text=['polyester'],polyester,description,exact_single_fibre_percentage,eligible_exact_single_fibre
12533,Jackets,Puma Women Solid Purple Jackets,,"Composition Purple sweatshirt made of 100% polyester, has long sleeves with ribbed cuffs, full front zipper with a ribbed hem, has two zippered pockets on the sides, and branding printed on left chest Fitting Comfort Wash care only hand wash in cold water using a mild detergent Do not soak or wring Dry flat in shade and set shape when wet Moderate warm iron Welcome the winter in style this season with this sweatshirt from puma. The thick fabric is sure to keep the winter chill at bay, while you can slip your hands into the pockets to keep them warm. Wear this sweatshirt over jeans to keep the cold winds away. Model statistics The model wears size M in sweatshirts Height: 6'3”; Shoulders: 19""",structured=['cotton']; detailed_text=['polyester'],polyester,description,exact_single_fibre_percentage,eligible_exact_single_fibre
54326,Briefs,Garfield Women White Cheeky Hipster Briefs,90% polyamide 10% elastane Hand wash gently,White bikini style briefs with brand print elasticated waistband and brand print in front and lace detailing at the back,"structured=['elastane', 'polyester']; detailed_text=['elastane', 'nylon']",nylon,materials_care_desc,exact_blend_percentages,known_blend_pending_policy
52479,Baby Dolls,Red Rose White Nightdress,Blended nylon net fabric Hand wash,A white strappy night dress with a sash below the bust in pink Comes with a bikini brief,structured=['polyester']; detailed_text=['nylon'],,materials_care_desc,named_blend_no_percentages,needs_review
54328,Briefs,Garfield Women Black Hipster Briefs GFA12-027,"90% polyamide, 10% elastane Hand wash gently","Article number: GFA12-027 Black and pink hipster style briefs with brand print, elasticated waistband and lace detail along the leg openings","structured=['elastane', 'polyester']; detailed_text=['elastane', 'nylon']",nylon,materials_care_desc,exact_blend_percentages,known_blend_pending_policy
52477,Baby Dolls,Red Rose Black Nightdress,Blended nylon net fabric Hand wash,A black strappy night dress with a sash below the bust in red Comes with a bikini brief,structured=['polyester']; detailed_text=['nylon'],,materials_care_desc,named_blend_no_percentages,needs_review
58669,Kurtas,ALayna Women Printed White Kurta,Blended cotton Hand wash separately in cold water using a mild detergent Flat dry inside out in shade Warm iron,"White printed woven kurta, has a V-neckline with mirror work, embroidery and paneling on the yoke, short sleeves with lacing on the cuffs and lacing on the hem",structured=['silk']; detailed_text=['cotton'],,materials_care_desc,named_blend_no_percentages,needs_review
28713,Kurtas,W Women Printed White Kurta,,"Composition White and pink floral print kurta made of 100% cotton, has a round neck with a slit neckline, three quarter sleeves, pin-tucks on either side of the placket and slit side seams Fit Regular Wash care Wash dark colours separately Do not bleach Dry inside out in shade Warm iron; do not iron on decorations Every woman needs a choice of kurtas in her wardrobe. The USP of w is a simple, elegant silhouette, coupled with modern design details. In this kurta we see the traditional garment in a new avatar with w's innovative styling. For the conservative at heart, this piece can be worn with leggings and delicate sandals. For a boho chick meets rebel style, colour block this with bright capris. Model statistics The product is a size 8 on a model of height 5'8"", chest 33""",structured=['silk']; detailed_text=['cotton'],cotton,description,exact_single_fibre_percentage,eligible_exact_single_fibre
33955,Tshirts,ADIDAS Men Polo White T-shirt,100% polyester Machine wash cold with like colours using a mild detergent Do not bleach Tumble dry low Cool iron do not iron on decorations,"White polo T-shirt that has short sleeves, short buttoned placket, branding on the left chest, adidas patented three stripes on the front and back of the shoulders and a vented hem",structured=['viscose']; detailed_text=['polyester'],polyester,materials_care_desc,exact_single_fibre_percentage,eligible_exact_single_fibre
42556,Kurtas,Mother Earth Women Brown Kurtas,100% cotton Hand wash separately in cold water using a mild detergent as colour may bleed Flat dry inside out in shade Warm iron Do not soak in water,"Sleeveless orangish brown kurta, has a square neck, zari detail at the yoke, pintucks at the shoulder and embroidery at the shoulder and above the hem and has a vented hem",structured=['silk']; detailed_text=['cotton'],cotton,materials_care_desc,exact_single_fibre_percentage,eligible_exact_single_fibre
33952,Tshirts,ADIDAS Men Vesta Peach Polo T-shirt,100% polyester Machine wash cold with like colours using a mild detergent Do not bleach Tumble dry low Cool iron do not iron on decorations,"Peach polo T-shirt that has short sleeves, short buttoned placket, adidas patented three stripes on the left shoulder, branding on the right sleeve and a vented hem",structured=['viscose']; detailed_text=['polyester'],polyester,materials_care_desc,exact_single_fibre_percentage,eligible_exact_single_fibre
28722,Kurtas,W Women Printed Yellow Kurta,,"Composition Yellow printed kurta made of 100% polyester, has a V-neck, short raglan sleeves, button detail at the shoulder and a vented hem Fit Regular Wash care Wash dark colours separately Do not bleach Dry inside out in shade Warm iron Every woman needs a choice of kurtas in her wardrobe. The USP of w is a simple, elegant silhouette, coupled with modern design details. In this kurta we see the traditional garment in a new avatar with w's innovative styling. For the conservative at heart, this piece can be worn with leggings and delicate sandals. For a boho chick meets rebel style, colour block this with bright capris. Model statistics The product is a size 8 on a model of height 5'8"" and chest 33""",structured=['cotton']; detailed_text=['polyester'],polyester,description,exact_single_fibre_percentage,eligible_exact_single_fibre
28725,Kurtas,W Women Printed Green Kurta,,"Composition Green and brown printed kurta made of 100% cotton, has a round neck, short buttoned placket and slit side seams Fit Regular Wash care Wash dark colours separately Do not bleach Dry inside out in shade Warm iron; do not iron on decorations Every woman needs a choice of kurtas in her wardrobe. The USP of w is a simple, elegant silhouette, coupled with modern design details. In this kurta we see the traditional garment in a new avatar with w's innovative styling. For the conservative at heart, this piece can be worn with leggings and delicate sandals. For a boho chick meets rebel style, colour block this with bright capris. Model statistics The product is a size 8 on a model of height 5'8"", chest 33""",structured=['silk']; detailed_text=['cotton'],cotton,description,exact_single_fibre_percentage,eligible_exact_single_fibre
56301,Bra,Biara Women Orange Blush Bra,Nylon / spandex Hand wash only,"Orange brassiere, has optimum stretch and offers comfortable support, bow in the centre in front, adjustable shoulder straps and adjustable double hook closure at the back Owing to intimate nature of this product it is eligible for self-ship return only (no pick-up facility)","structured=['cotton', 'elastane']; detailed_text=['elastane', 'nylon']",,materials_care_desc,named_blend_no_percentages,needs_review
30742,Nehru Jackets,Fabindia Men Striped Blue Silk Sleeveless Jacket,,"Composition Blue and grey striped sleeveless ethnic jacket made of silk, has a Nehru collar, full buttoned placket, two insert pockets on the sides with a smaller insert pocket on the left chest and a vented hem Fit Regular Wash care Dry clean only This earthy jacket by fabindia for men is perfect for the artsy intellectual. The superior comfort provided by the silk fabric, combined with the comfortable yet fashionable cut makes this a wardrobe essential. Pair this with colourful cotton trousers to go all out and make a colour block statement. For the more conservative, pair it with simple form fitting denims, a tee and sandals. Model statistics The product is a size 40 on a model of height 6' and shoulders 18""",structured=['cotton']; detailed_text=['silk'],,article_attributes_fabric,named_blend_no_percentages,needs_review
40093,Tshirts,ADIDAS MenLime Green T-shirt,,"Style Note adidas helps you avoid discomfort and keep dry and comfortable. This T-shirt, engineered with Climacool technology, offers you a flattering stylised look. Pair it with a pair of jeans and sports shoes on your day off, or with shorts and Sports shoes when you're hitting the gym. Product Details Fluroscent green T-shirt, has round neckline, blue sleeves and blue and grey panelling on the sides, branding on the chest and short sleeves with Adidas patented three stripes on the arms Material and Care 100% polyester Machine wash cool with like colours using a mild detergent Do not soak, tumble dry, bleach or dry clean Dry in shade Cold iron do not iron on decorations Size and Fit Regular fit The model (height 6' and shoulders 18"") is wearing a size M",structured=['viscose']; detailed_text=['polyester'],polyester,description,exact_single_fibre_percentage,eligible_exact_single_fibre
23955,Shirts,Provogue Men Purple Shirt,,"Composition Purple shirt made of a modal/polyester blend, has a spread collar, front buttoned placket, long sleeves with buttoned cuffs, patch pocket on the left chest with embroidered brand logo, branding appliquéd on the inside of the placket and a curved hem Fit Regular Wash care Delicate machine wash at 30 degrees with like colours using mild detergent Do not bleach or tumble dry Hang dry in shade Warm iron on reverse Trust provogue to nail the minimalistic mood of the moment with their casual wear for men. With its timeless luxe fabric, this shirt looks good styled with a simple pair of denims or under a structured blazer for a layered look. Model statistics The product is a size L on a model of height 6' and shoulders 18""","structured=['cotton']; detailed_text=['modal', 'polyester']",cotton,article_attributes_fabric,single_fibre_claim_unquantified,main_material_proxy_only
53414,Kurtas,Alma Women Black Kurta,Cotton Machine wash Wash dark colours separately Dry in shade Warm iron,"Woven black kurta with a round neck, a floral print fabric tape detail along the bust and on the left side from the bust to hem, three quarter sleeves and a vented hem",structured=['silk']; detailed_text=['cotton'],cotton,materials_care_desc,single_fibre_claim_unquantified,main_material_proxy_only
58695,Kurtas,ALayna Women Brown Kurta,Blended cotton Hand wash separately in cold water using a mild detergent Flat dry inside out in shade Warm iron,"Maroon woven kurta, has a V-neckline with embroidery on the yoke, is sleeveless, has pintucks on the waist and side slits",structured=['silk']; detailed_text=['cotton'],,materials_care_desc,named_blend_no_percentages,needs_review
28723,Kurtas,W Women Printed Multi Coloured Kurta,,"Composition Printed multicoloured kurta made of 100% cotton, has a mandarin collar with a split neckline, has short sleeves with a buttonable tab at the cuffs, flaring pin-tucks at the chest, half buttoned placket and a vented hem Fit Regular Wash care Wash dark colours separately Do not bleach Dry inside out in shade Warm iron Every woman needs a choice of kurtas in her wardrobe. The USP of w is a simple, elegant silhouette, coupled with modern design details. In this kurta we see the traditional garment in a new avatar with w's innovative styling. For the conservative at heart, this piece can be worn with leggings and delicate sandals. For a boho chick meets rebel style, colour block this with bright capris. Model statistics The product is a size 8 on a model of height 5'8"" and chest 33""",structured=['silk']; detailed_text=['cotton'],cotton,description,exact_single_fibre_percentage,eligible_exact_single_fibre
58692,Kurtas,ALayna Women Green Kurta,Blended cotton Hand wash separately in cold water using a mild detergent Flat dry inside out in shade Warm iron,"Mehndi green woven kurta, has a V-neckline, three fourth sleeves with velvet paneling, embroidery, zari work and velvet paneling on the yoke and side slits",structured=['silk']; detailed_text=['cotton'],,materials_care_desc,named_blend_no_percentages,needs_review
28715,Kurtas,W Women Printed Magenta Kurta,,"Composition Beige, blue and magenta floral print kurta made of 100% cotton, has a round neck, short sleeves, buttoned chest placket, pin-tucks on either side of the placket and slit side seams Fit Regular Wash care Wash dark colours separately Do not bleach Dry inside out in shade Warm iron; do not iron on decorations Every woman needs a choice of kurtas in her wardrobe. The USP of w is a simple, elegant silhouette, coupled with modern design details. In this kurta we see the traditional garment in a new avatar with w's innovative styling. For the conservative at heart, this piece can be worn with leggings and delicate sandals. For a boho chick meets rebel style, colour block this with bright capris. Model statistics The product is a size 8 on a model of height 5'8"", chest 33""",structured=['silk']; detailed_text=['cotton'],cotton,description,exact_single_fibre_percentage,eligible_exact_single_fibre
28712,Kurtas,W Women Printed Blue Kurta,,"Composition Printed blue round-neck kurta made of 100% cotton, has short raglan sleeves with pleating detail and a vented hem Fit Regular Wash care Wash dark colours separately Do not bleach Dry inside out in shade Warm iron Every woman needs a choice of kurtas in her wardrobe. The USP of w is a simple, elegant silhouette, coupled with modern design details. In this kurta we see the traditional garment in a new avatar with w's innovative styling. For the conservative at heart, this piece can be worn with leggings and delicate sandals. For a boho chick meets rebel style, colour block this with bright capris. Model statistics The product is a size 8 on a model of height 5'8"" and chest 33""",structured=['silk']; detailed_text=['cotton'],cotton,description,exact_single_fibre_percentage,eligible_exact_single_fibre
11405,Tshirts,United Colors Of Benetton Men Light Winter White T-Shirts,,"Composition Off-white round neck T-shirt made of 70% modal and 30% polyester, that has a ribbed neckline, short sleeves,and graphic print on the front Fitting Regular Wash care Machine wash in 30 degrees using mild detergent Do not dry clean, tumble dry, wring, scrub or bleach Dry flat in shade Cool iron Do not iron directly on print/embroidery Update your cool style with this off-white t-shirt from United Colours of Benetton. The simple design is complemented by the graphic print that urges you to do it your way, while the soft fabric keeps you fresh and comfortable all day. Team this with tees, jeans and comfortable-yet-stylish lifestyle footwear from the wide collection available at myntra for casual occasions. Model statistics The model wears size M in sweat shirts Height-5'11"", Shoulders-18""","structured=['cotton']; detailed_text=['modal', 'polyester']",modal,description,exact_blend_percentages,known_blend_pending_policy
28741,Kurtas,W Women Printed Off White Kurta,,"Composition Off white sleeveless printed kurta made of 100% cotton, has a V-neck and a flaring skirt Fit Regular Wash care Wash dark colours separately Do not bleach Dry inside out in shade Warm iron Every woman needs an ethnic kurta in her wardrobe. The USP of w is a simple, elegant silhouette, coupled with modern design details. In this piece we see the traditional kurta in a new avatar with w's innovative styling. For the conservative at heart, this piece can be worn with jeans and delicate sandals. For a boho chick meets rebel style, colour block this with bright capris. Model statistics The product is a size 8 on a model of height 5'8"" and chest 33""",structured=['silk']; detailed_text=['cotton'],cotton,description,exact_single_fibre_percentage,eligible_exact_single_fibre
40059,Tshirts,ADIDAS Men White T-shirt,,"Style Note adidas helps you avoid discomfort and keep dry and comfortable. This T-shirt, engineered with Climalite technology, offers you a flattering stylised look. Pair it with a pair of jeans and sports shoes on your day off, or with shorts and Sports shoes when you're hitting the gym. Product Details White T-shirt, has a round neckline, short sleeves and branding on the left chest Material and Care 100% polyester Machine wash cool with like colours using a mild detergent Do not soak, tumble dry, bleach or dry clean Dry in shade Cold iron do not iron on decorations Size and Fit Regular fit The model (height 6' and shoulders 18"") is wearing a size M",structured=['viscose']; detailed_text=['polyester'],polyester,description,exact_single_fibre_percentage,eligible_exact_single_fibre
33938,Tshirts,ADIDAS Men Clima White T-shirt,,"Style Note With this Climalite enabled performance T-shirt, you can conveniently ignore the heat and keep your focus right where it needs to be: on the finish line. A combination of performance fabrics keeps cool air flowing in and heat and sweat flowing out, meaning you can stay dry and comfortable, performing at your peak in even the most heated competition. On a day off, pair it with denims and cool sneakers to look your casual best. Product Details White polo T-shirt that has short sleeves, short buttoned placket, branding on the left sleeve, graphic print on the front and back and a vented hem Material and Care 100% polyester Machine wash cold with like colours using a mild detergent Do not bleach Tumble dry low Cool iron do not iron on decorations Size and Fit Relaxed fit The model (height 6' and shoulders 18"") is wearing a size M",structured=['viscose']; detailed_text=['polyester'],polyester,description,exact_single_fibre_percentage,eligible_exact_single_fibre
10372,Tshirts,United Colors of Benetton Men Printed Beige Tshirts,,"Composition Light beige round neck t-shirt made of 70% modal and 30% polyester, with short sleeves, vented hem and graphic print on the front Fitting Comfort Wash care Delicate machine wash at 30 degrees using mild detergent Do not dry clean Do not tumble dry, wring, scrub or bleach Dry flat in shade Warm iron Do not iron directly on print/embroidery Flaunt your spoilt-boy look with much elan in this light beige t-shirt from united colors of benetton. Team this tee with jeans and suede shoes for that uber cool look. Model statistics The model wears size M in t-shirts Height-6', Shoulders-18""","structured=['cotton']; detailed_text=['modal', 'polyester']",modal,description,exact_blend_percentages,known_blend_pending_policy
59731,Shapewear,Avirate Black & Purple Wired Corset Shapewear,"94% nylon, 6% spandex Hand wash","Black netted corset Padded and under-wired cups with purple trims above the cups Adjustable straps, panelled front, boned at the sides Hook closure at the back","structured=['elastane', 'polyester']; detailed_text=['elastane', 'nylon']",nylon,materials_care_desc,exact_blend_percentages,known_blend_pending_policy
49765,Kurtas,Alma Women Black Printed Kurta,,"Style Note Pared down to the basics, this kurta from alma is just right for a layered boho chic or a simple off-to-college vibe. Add a splash of colourful jewellery for an interesting dimension. The simple silhouette and the minimal design details will balance the brighter accessories. Product Details Black printed kurta with an hourglass neckline, three fourth sleeves with piping on the cuffs, piping around the neckline and a vented hem Material and Care Blended cotton Machine wash Wash dark colours separately Dry in shade Warm iron Size and Fit Regular fit The model (height 5'8"" and chest 33"") is wearing a size M",structured=['silk']; detailed_text=['cotton'],silk,article_attributes_fabric,single_fibre_claim_unquantified,main_material_proxy_only
36234,Kurtas,W Women Pink Kurta,,"Style Note Every woman needs a choice of kurtas in her wardrobe. The USP of w is a simple, elegant silhouette, coupled with modern design details. In this kurta we see the traditional garment in a new avatar with W's innovative styling. For the conservative at heart, this piece can be worn with leggings and delicate sandals. For a boho chick meets rebel style, colour block this with bright capris. Product Details Light pink printed kurta made of 100% viscose, has a round neck, short sleeves, has an empire waist and a vented hem Material and Care 100% viscose Wash care Wash dark colours separately Do not bleach Dry inside out in shade Warm iron do not iron on decorations Size and Fit Regular fit The model (height 5'8"" and chest 32"") is wearing a size M",structured=['silk']; detailed_text=['viscose'],viscose,description,exact_single_fibre_percentage,eligible_exact_single_fibre
45536,Tshirts,Fila Men White Polo T-shirt,"100% polyester Machine wash below 40 degrees with like colours using mild detergent Do not soak, tumble dry or bleach Dry in shade Warm iron do not iron on decorations","White polo t-shirt that has a ribbed collar, short sleeves, half buttoned placket, brown stripes along the sides and branding on the left sleeve",structured=['cotton']; detailed_text=['polyester'],polyester,materials_care_desc,exact_single_fibre_percentage,eligible_exact_single_fibre
59105,Rain Jacket,Just Natural Men Navy Blue Rain Jacket,Polyurethane coated Dry clean only Do not iron,"Blue rain jacket with red panelling, has a hood with toggle straps, a zipped placket with a Velcro flap to conceal it, long sleeves with Velcro closure at the cuffs, mesh lining, two front pockets with Velcro closures and toggle straps at the hem",structured=['polyester']; detailed_text=['polyurethane'],polyurethane,materials_care_desc,single_fibre_claim_unquantified,main_material_proxy_only
52519,Baby Dolls,Red Rose White Nightdress,Blended nylon net fabric Hand wash,"White semi sheer knee-length babydoll nightdress, has a V-neckline with lace and flower detail in front, adjustable shoulder straps and is open at the front with ruffle design",structured=['polyester']; detailed_text=['nylon'],,materials_care_desc,named_blend_no_percentages,needs_review
28730,Kurtas,W Women Printed Blue Kurta,,"Composition Printed blue bucket-neck kurta made of 100% cotton, has short raglan sleeves with a foldover detail and a vented hem Fit Regular Wash care Wash dark colours separately Do not bleach Dry inside out in shade Warm iron Every woman needs a choice of kurtas in her wardrobe. The USP of w is a simple, elegant silhouette, coupled with modern design details. In this kurta we see the traditional garment in a new avatar with w's innovative styling. For the conservative at heart, this piece can be worn with leggings and delicate sandals. For a boho chick meets rebel style, colour block this with bright capris. Model statistics The product is a size 8 on a model of height 5'8"" and chest 33""",structured=['silk']; detailed_text=['cotton'],cotton,description,exact_single_fibre_percentage,eligible_exact_single_fibre
28737,Kurtas,W Women Printed White Kurta,,"Composition White and brown printed kurta made of 100% cotton, has a round neck with a buttoned chest placket has short raglan sleeves, pin-tucks on either side of the front and back till the waist and slit side seams Fit Regular Wash care Wash dark colours separately Do not bleach Dry inside out in shade Warm iron; do not iron on decorations Every woman needs a choice of kurtas in her wardrobe. The USP of w is a simple, elegant silhouette, coupled with modern design details. In this kurta we see the traditional garment in a new avatar with w's innovative styling. For the conservative at heart, this piece can be worn with leggings and delicate sandals. For a boho chick meets rebel style, colour block this with bright capris. Model statistics The product is a size 8 on a model of height 5'8"", chest 33""",structured=['silk']; detailed_text=['cotton'],cotton,description,exact_single_fibre_percentage,eligible_exact_single_fibre
58672,Kurtas,ALayna Women Navy Blue Kurta,Blended cotton Hand wash separately in cold water using a mild detergent Flat dry inside out in shade Warm iron,"Navy blue printed woven kurta, has a V-neckline, is sleeveless, mock half button placket, paneling on the yoke, pleats on the waist and paneling on the hem",structured=['silk']; detailed_text=['cotton'],,materials_care_desc,named_blend_no_percentages,needs_review
50044,Bra,Hanes Women Beige Concealing Petals Strapless Bra,"Cup, centre belt, back, side frame: 82% nylon, 18% spandex Cup lining: 100% polyester Centre belt and side frame lining: 100% nylon Back lining: 68% spandex, 32% nylon Hand wash warm","Beige underwire bra with concealing petals to prevent show-through Innovative inner lining holds bra back in place for all day comfort Detachable straps can be worn as strapless, halter or conventional way Hook and eye closure Owing to intimate nature of this product it is eligible for self-ship return only (no pick-up facility)","structured=['cotton', 'elastane']; detailed_text=['elastane', 'nylon', 'polyester']",polyester,materials_care_desc,role_specific_or_multi_part_composition,needs_role_review
28708,Kurtas,W Women Black Kurta,,"Composition Black sleeveless kurta made of 100% cotton, has a square neck in white with pin-tucks on the white patch and slit side seams Fit Regular Wash care Wash dark colours separately Do not bleach Dry inside out in shade Warm iron; do not iron on decorations Every woman needs a choice of kurtas in her wardrobe. The USP of w is a simple, elegant silhouette, coupled with modern design details. In this kurta we see the traditional garment in a new avatar with w's innovative styling. For the conservative at heart, this piece can be worn with leggings and delicate sandals. For a boho chick meets rebel style, colour block this with bright capris. Model statistics The product is a size 8 on a model of height 5'8"", chest 33""",structured=['silk']; detailed_text=['cotton'],cotton,description,exact_single_fibre_percentage,eligible_exact_single_fibre
28701,Kurtas,W Women Printed Purple & Green Kurta,,"Composition Pink, purple and green floral print kurta, made of 100% cotton, has a V-neck with a buttoned chest placket, short sleeves and slit side seams Fit Regular Wash care Wash dark colours separately Do not bleach Dry inside out in shade Warm iron; do not iron on decorations Every woman needs a choice of kurtas in her wardrobe. The USP of w is a simple, elegant silhouette, coupled with modern design details. In this kurta we see the traditional garment in a new avatar with w's innovative styling. For the conservative at heart, this piece can be worn with leggings and delicate sandals. For a boho chick meets rebel style, colour block this with bright capris. Model statistics The product is a size 8 on a model of height 5'8"", chest 33""",structured=['silk']; detailed_text=['cotton'],cotton,description,exact_single_fibre_percentage,eligible_exact_single_fibre
6786,Jackets,Timberland Men Falmouth Cycling Jac Black Jacket,,"Composition Ripstop jacket in 100% nylon, two front zip side pockets, chest zip pocket on left side, broad storm flap at centre placket, hood with brim and inner bungee cord keeps out rain and wind, understated timberland logos at left chest, right sleeve and upper back, hook-and-loop tabs at cuffs Fitting Slim Wash care Machine wash in cold water Wash dark colours separately Use only non-chlorine bleach when needed Tumble dry normal at low heat Warm iron when needed Dry cleanable timberland's Waterproof Ripstop Jacket uses coated ripstop nylon, an adjustable hood with long brim and storm flaps to help keep you dry through sudden rainstorms. Three zippered pockets will keep your trail mix, wallet and compass safe and dry, and ripstop nylon won't rip even if a wayward branch or sharp rock sneaks up on you during your outdoor adventures. Model statistics The model wears size M in Jacket Height-6', Shoulders-18""",structured=['cotton']; detailed_text=['nylon'],nylon,description,exact_single_fibre_percentage,eligible_exact_single_fibre
52517,Baby Dolls,Red Rose Black Nightdress,"Blended nylon net fabric Hand wash, drip dry in shade Do not wring, iron, bleach Wash dark colours separately","Black semi sheer knee-length nightdress, has a V-neckline with lace and tie-up detail at the yoke, adjustable shoulder straps and is open at the front with ruffle design Comes with a black bikini brief",structured=['polyester']; detailed_text=['nylon'],,materials_care_desc,named_blend_no_percentages,needs_review
53409,Kurtas,Alma Women Printed White Kurta,Cotton Machine wash Wash dark colours separately Dry in shade Warm iron,"White woven kurta with maroon print, has a curved V-neckline with gold piping, has three quarter sleeve and a vented hem",structured=['silk']; detailed_text=['cotton'],cotton,materials_care_desc,single_fibre_claim_unquantified,main_material_proxy_only
44812,Tshirts,Spykar Women Purple T-shirt,,"Style Note spykar's Summer Fest line comes up with all the trending styles this season. This top is a warm weather essential - style it over a white shirt or under a black blazer and look great either way. Product Details Purple polo T-shirt, has a ribbed spread collar, a half buttoned placket, embroidery on the left chest, short sleeves and buttons at the hem side vents Material and Care 100% cotton Hand wash cold Flat dry in shade Warm iron Size and Fit Regular Fit The model (height 5'8"" and chest 33) is wearing a size M",structured=['elastane']; detailed_text=['cotton'],cotton,description,exact_single_fibre_percentage,eligible_exact_single_fibre
32462,Tshirts,ADIDAS Men Polo White T-shirt,,"Style Note With this Climacool enabled performance T-shirt, you can conveniently ignore the heat and keep your focus right where it needs to be: on the finish line. A combination of performance fabrics keeps cool air flowing in and heat and sweat flowing out, meaning you can stay dry and comfortable, performing at your peak in even the most heated competition. On a day off, pair it with denims and cool sneakers to look your casual best. Product Details White and blue polo T-shirt that has short sleeves, short buttoned placket, branding on the left chest, stitch detailing, mesh panels on the sides and adidas patented three stripes on the shoulders Material and Care 100% polyester Machine wash cold with like colours using a mild detergent Do not bleach Tumble dry low Cool iron do not iron on decorations Size and Fit Relaxed fit The model (height 6' and shoulders 18"") is wearing a size M",structured=['viscose']; detailed_text=['polyester'],polyester,description,exact_single_fibre_percentage,eligible_exact_single_fibre
48479,Dresses,French Connection Women Black Dress,Shell: 100% cotton Lining: 100% cotton Specialist dry clean only,"Black tube dress with appliqued circular details and beads on the centre, fabric belt at the waist, concealed zipper at the back",structured=['polyester']; detailed_text=['cotton'],cotton,materials_care_desc,role_specific_or_multi_part_composition,needs_role_review
59701,Briefs,Avirate Women Blue Brief,100% nylon Hand wash,Blue lace style brief with an elasticated waistband Flower detail at the back of the waistband 100% cotton gussets,"structured=['elastane', 'nylon']; detailed_text=['cotton', 'nylon']",nylon,materials_care_desc,exact_single_fibre_percentage,eligible_exact_single_fibre
31474,Trousers,Black Coffee  Brown Formal Trousers,100% cotton Machine-wash cold,"A pair of brown mid-rise woven trousers, has a zip fly with a buton closure, a waistband with belt loops, two insert pockets on either sides of the front waist, branding on the right, two welt pockets with a button closure on the back, adjustable hems Our stylist has paired these trousers with a belt These trousers do not come with a belt","structured=['polyester', 'viscose']; detailed_text=['cotton']",cotton,materials_care_desc,exact_single_fibre_percentage,eligible_exact_single_fibre
36235,Kurtas,W Women Orange Kurta,,"Style Note Every woman needs a choice of kurtas in her wardrobe. The USP of w is a simple, elegant silhouette, coupled with modern design details. In this kurta we see the traditional garment in a new avatar with W's innovative styling. For the conservative at heart, this piece can be worn with leggings and delicate sandals. For a boho chick meets rebel style, colour block this with bright capris. Product Details Orange kurta made of 100% cotton, has a mandarin collar with a split neckline, chest buttoned placket, has three fourth sleeves with pleats design on the cuffs, pleats on the front and above the hem and a vented hem Material and Care 100% cotton Wash care Wash dark colours separately Do not bleach Dry inside out in shade Warm iron do not iron on decorations Size and Fit Regular fit The model (height 5'8"" and chest 32"") is wearing a size M",structured=['silk']; detailed_text=['cotton'],cotton,description,exact_single_fibre_percentage,eligible_exact_single_fibre
40080,Tshirts,ADIDAS Men Blue T-shirt,,"Style Note adidas helps you avoid discomfort and keep dry and comfortable. This T-shirt, engineered with Climalite technology, offers you a flattering stylised look. Pair it with a pair of jeans and sports shoes on your day off, or with shorts and Sports shoes when you're hitting the gym. Product Details White and blue T-shirt, has a round neckline, short sleeves, Adidas patented three stripes on the shoulder and branding on the left side of the chest Material and Care 100% polyester Machine wash cool with like colours using a mild detergent Do not soak, tumble dry, bleach or dry clean Dry in shade Cold iron do not iron on decorations Size and Fit Regular fit The model (height 6' and shoulders 18"") is wearing a size M",structured=['viscose']; detailed_text=['polyester'],polyester,description,exact_single_fibre_percentage,eligible_exact_single_fibre
59730,Shapewear,Avirate White Wired Corset Shapewear,"94% nylon, 6% spandex Hand wash","White corset Padded and under-wired cups with blue trims above the cups Adjustable straps, panelled front, boned at the sides Hook closure at the back","structured=['elastane', 'polyester']; detailed_text=['elastane', 'nylon']",nylon,materials_care_desc,exact_blend_percentages,known_blend_pending_policy
28738,Kurtas,W Women Printed White & Red Kurta,,"Composition White and red printed kurta made of 100% cotton, has a round neck, short sleeves, buttoned chest placket with red piping on either side of the placket and slit side seams Fit Regular Wash care Wash dark colours separately Do not bleach Dry inside out in shade Warm iron; do not iron on decorations Every woman needs a choice of kurtas in her wardrobe. The USP of w is a simple, elegant silhouette, coupled with modern design details. In this kurta we see the traditional garment in a new avatar with w's innovative styling. For the conservative at heart, this piece can be worn with leggings and delicate sandals. For a boho chick meets rebel style, colour block this with bright capris. Model statistics The product is a size 8 on a model of height 5'8"", chest 33""",structured=['silk']; detailed_text=['cotton'],cotton,description,exact_single_fibre_percentage,eligible_exact_single_fibre
40020,Tshirts,ADIDAS Men Grey T-shirt,,"Style Note adidas helps you avoid discomfort by keeping you dry and comfortable. This tee offers you a stylised look that will make sure you look great on your day off. Pair it with a pair of jeans and sports shoes on the weekend or for Friday casuals at your office. Product Details Red ,grey and white polo T-shirt, has a cutaway collar, chest buttoned placket, short sleeves, branding embroidered on the left chest and a vented hem Material and Care 100% cotton Machine wash warm with like colours using a mild detergent Do not soak, tumble dry, bleach or dry clean Dry in shade Warm iron do not iron on decorations Size and Fit Slim fit The model (height 6' and shoulders 18"") is wearing a size M",structured=['viscose']; detailed_text=['cotton'],cotton,description,exact_single_fibre_percentage,eligible_exact_single_fibre
40018,Tshirts,ADIDAS Men Black T-shirt,"100% polyester Machine wash cool with like colours using a mild detergent Do not soak, tumble dry, bleach or dry clean Dry in shade Cold iron do not iron on decorations","Black polo T-shirt, has red sleeves and red panelling on the shoulder and sides, cutaway collar, chest buttoned placket, short sleeves with embroidery on the left arm and branding embroidered on the left chest",structured=['viscose']; detailed_text=['polyester'],polyester,materials_care_desc,exact_single_fibre_percentage,eligible_exact_single_fibre
33946,Tshirts,ADIDAS Men Green Polo T-shirt,100% polyester Machine wash cold with like colours using a mild detergent Do not bleach or dry clean Tumble dry low Cool iron do not iron on decorations,"Green polo T-shirt with blue, white and grey stripes, has a spread collar, short sleeves and three button placket",structured=['viscose']; detailed_text=['polyester'],polyester,materials_care_desc,exact_single_fibre_percentage,eligible_exact_single_fibre
28736,Kurtas,W Women Printed Purple Kurta,,"Composition White kurta with purple and green floral print, made of 100% cotton, has a V-neck with piping, short raglan sleeves and slit side seams Fit Regular Wash care Wash dark colours separately Do not bleach Dry inside out in shade Warm iron; do not iron on decorations Every woman needs a choice of kurtas in her wardrobe. The USP of w is a simple, elegant silhouette, coupled with modern design details. In this kurta we see the traditional garment in a new avatar with w's innovative styling. For the conservative at heart, this piece can be worn with leggings and delicate sandals. For a boho chick meets rebel style, colour block this with bright capris. Model statistics The product is a size 8 on a model of height 5'8"", chest 33""",structured=['silk']; detailed_text=['cotton'],cotton,description,exact_single_fibre_percentage,eligible_exact_single_fibre
50045,Bra,Hanes Women White Moulded Tee Shirt Bra,"Cup, back, strap, inner side frame lining: 82% nylon, 18% spandex Centre front and strap extension lining: 100% nylon Cup linings: 100% polyester Cup pad: 100% polyurethane foam Hand wash warm","White moulded T-shirt bra with ultra-smooth seamless cups which are invisible underneath clothing ComfortSoft sturdy straps stay in place Moulded, contour, wireless cups shape and support the breasts with all-over flexible, light foam padding for modesty Hook and eye closure Owing to intimate nature of this product it is eligible for self-ship return only (no pick-up facility)","structured=['cotton']; detailed_text=['elastane', 'nylon', 'polyester', 'polyurethane']",nylon,materials_care_desc,role_specific_or_multi_part_composition,needs_role_review
28709,Kurtas,W Women Printed Turquoise Blue Kurta,,"Composition Turqouise blue printed kurta made of 100% cotton, has a mandarin collar with a slit neckline, a short buttoned placket, short sleeves and a vented hem Fit Regular Wash care Wash dark colours separately Do not bleach Dry inside out in shade Warm iron Every woman needs a choice of kurtas in her wardrobe. The USP of w is a simple, elegant silhouette, coupled with modern design details. In this kurta we see the traditional garment in a new avatar with w's innovative styling. For the conservative at heart, this piece can be worn with leggings and delicate sandals. For a boho chick meets rebel style, colour block this with bright capris. Model statistics The product is a size 8 on a model of height 5'8"" and chest 33""",structured=['silk']; detailed_text=['cotton'],cotton,description,exact_single_fibre_percentage,eligible_exact_single_fibre
52518,Baby Dolls,Red Rose Red Nightdress,"Blended nylon net fabric Hand wash, drip dry in shade Do not wring, iron, bleach Wash dark colours separately","Red semi sheer knee-length nightdress, has a V-neckline with lace and tie-up detail at the yoke, adjustable shoulder straps and is open at the front with ruffle design Comes with a red bikini brief",structured=['polyester']; detailed_text=['nylon'],,materials_care_desc,named_blend_no_percentages,needs_review
28731,Kurtas,W Women Printed White & Green Kurta,,"Composition White and green printed kurta, made of 100% cotton, has a bucket neck, short sleeves, pin-tucks on the shoulders and slit side seams Fit Regular Wash care Wash dark colours separately Do not bleach Dry inside out in shade Warm iron; do not iron on decorations Every woman needs a choice of kurtas in her wardrobe. The USP of w is a simple, elegant silhouette, coupled with modern design details. In this kurta we see the traditional garment in a new avatar with w's innovative styling. For the conservative at heart, this piece can be worn with leggings and delicate sandals. For a boho chick meets rebel style, colour block this with bright capris. Model statistics The product is a size 8 on a model of height 5'8"", chest 33""",structured=['silk']; detailed_text=['cotton'],cotton,description,exact_single_fibre_percentage,eligible_exact_single_fibre
10042,Tshirts,Nike Women Pink Polo Tshirts,"Machine wash cold at 30 degrees with like colours Do not bleach Tumble dry low Remove immediately/do not allow to lay on itself when wet Cool iron, but do not iron on design Do not dry clean","Pink and grey striped polo t-shirt made of 95% cotton and 5% spandex, has ribbed collar and cuffs, and a two-button placket","structured=['polyester']; detailed_text=['cotton', 'elastane']",cotton,description,exact_blend_percentages,known_blend_pending_policy
54332,Briefs,Garfield Women Red & Pink Pack of Two Briefs,"84%, polyamide 16% elastane Hand wash gently",The final product delivered may vary in colour and prints from the display here,"structured=['elastane', 'polyester']; detailed_text=['elastane', 'nylon']",nylon,materials_care_desc,exact_blend_percentages,known_blend_pending_policy
28688,Kurtas,W Women Printed Pink Kurta,,"Composition Pink printed kurta made of 100% polyester, has a V-neck, short raglan sleeves and a vented hem Fit Regular Wash care Wash dark colours separately Do not bleach Dry inside out in shade Warm iron Every woman needs a choice of kurtas in her wardrobe. The USP of w is a simple, elegant silhouette, coupled with modern design details. In this kurta we see the traditional garment in a new avatar with w's innovative styling. For the conservative at heart, this piece can be worn with leggings and delicate sandals. For a boho chick meets rebel style, colour block this with bright capris. Model statistics The product is a size 8 on a model of height 5'8"" and chest 33""",structured=['silk']; detailed_text=['polyester'],polyester,description,exact_single_fibre_percentage,eligible_exact_single_fibre
26382,Trousers,Turtle Men Check Brown Trousers,,"Composition Brown check trousers made of a polyester/viscose blend, has a flat front, two side pockets, two back pockets with button closures, comfortable waistband with belt loops, and a zipper and button closure on the front Fit Regular Wash care Delicate cold wash Hang to dry in shade Iron with medium heat Do not bleach Take formal dressing to the next level in this pair of polyviscose trousers from turtle. The fabric falls neatly, offering all day comfort. Pair it with a crisp formal shirt, a blazer, stylish cufflinks and leather shoes. Model statistics Product is a size 32 on a model of height 6' waist 32"" and hips 40""","structured=['cotton']; detailed_text=['polyester', 'viscose']",cotton,article_attributes_fabric,single_fibre_claim_unquantified,main_material_proxy_only
54303,Briefs,Garfield Women Pink & Red Briefs,90% polyamide 10% elastane Machine wash gently,"Red and pink briefs with top stitch detailing, broad elasticated lace waistband with print all over","structured=['elastane', 'polyester']; detailed_text=['elastane', 'nylon']",nylon,materials_care_desc,exact_blend_percentages,known_blend_pending_policy
12347,Suits,Fastrack Men Red Manhattan Regular Fit Solid Formal Shirt,Polyester and cotton Machine-wash,"Red and black solid formal shirt, has a spread collar, button placket, 3 pockets, short sleeves, curved hem","structured=['cotton', 'linen']; detailed_text=['cotton', 'polyester']",,materials_care_desc,named_blend_no_percentages,needs_review
54304,Briefs,Garfield Women Pink String Briefs,95% polyamide 5% elastane Hand wash gently,"Pink thong briefs with top stitch detailing and print all over, elasticated waistband with a brand print bow in the middle and lace detailing on the sides","structured=['elastane', 'polyester']; detailed_text=['elastane', 'nylon']",nylon,materials_care_desc,exact_blend_percentages,known_blend_pending_policy
54935,Tshirts,Do u speak green Women T-shirt,30% cotton and 70% bamboo Machine wash,"Yellow knit T-shirt, has a round, double layered neckline, cap sleeves with double layered cuffs, graphic print on the front with stitched detail, print at the back and double layered hemline","structured=['polyester']; detailed_text=['bamboo', 'cotton']",bamboo,materials_care_desc,exact_blend_percentages,known_blend_pending_policy
27464,Briefs,Jockey Women Skin Hip Brief,,"Style Note In the past, looking good meant compromising on your comfort, but now, jockey briefs for women aims to change all that. jockey uses a variety of extra comfy and stretchy fabrics to create the most fashionable women's underwear styles. You can be sure that when you wear panties from Jockey, you're choosing all-day comfort. Now, looking good can be comfortable too! Product Details Hip brief that is silky smooth with unique leg treatment Falls just below the natural waistline with no panty line promise Fashionable ultra soft elastic that leaves no marks on your skin Material and Care Elastane stretch fabric Machine wash delicate at 40 degrees with like colours Do not bleach, iron or dry clean Flat dry in shade",structured=['cotton']; detailed_text=['elastane'],cotton,article_attributes_fabric,single_fibre_claim_unquantified,main_material_proxy_only
18275,Kurtas,Aneri Women Preet Blue Kurta,,"Composition Blue sleeveless kurta made of a blended fabric, has a mandarin collar and a round slit neck, bead embellished yoke, silver lines running down the length of the kurta, and a vented hem Fit Regular Wash care Wash separately in cold water using a mild detergent A perfect blend of the ethnic and modern, this kurta from aneri comes with a heavily beaded yoke that makes it a perfect wear for ethnic ceelebrations. The silver lines add a mild bling to the garment. Team it with a matching legging, dupatta made of sheer, bead embellished heeled sandals and classsy earrings. Model statistics The product is a size S on a model of height 5'7"" and chest 32""",structured=['silk']; detailed_text=['down'],silk,article_attributes_fabric,single_fibre_claim_unquantified,main_material_proxy_only
50703,Tops,Latin Quarters Women Red & Black Top,100% cotton Machine wash warm Do not bleach or tumble dry Use warm iron,"Red knit top, has a round neckline, short sleeves, mock buttoned tab on the shoulders and graphic print in front",structured=['viscose']; detailed_text=['cotton'],cotton,materials_care_desc,exact_single_fibre_percentage,eligible_exact_single_fibre
22323,Jackets,Wildcraft Men Solid Red Wind Cheater,100% polyester Machine wash warm,"Composition Red hooded windcheater made of blended fabric, has full sleeves with elasticated cuffs, a full zippered placket and toggle straps at the hem Fit Regular Wash care Machine wash in cold water below 30 degrees using a mild detergent Do not bleach, wring, tumble dry, scrub or dry clean Flat dry in shade Warm iron Do not iron on decorations Trust outdoors experts wildcraft to provide great simple designs which will keep you dry. Extremely lightweight, wear this when you brave the rain and sleet. Model statistics The product is a a size M on a model of height 6' and shoulders 18& rdquo Please note that the thread colour in the brand logo may vary from the image shown",structured=['nylon']; detailed_text=['polyester'],polyester,materials_care_desc,exact_single_fibre_percentage,eligible_exact_single_fibre
24212,Tshirts,Nike Men White Polo T-shirt,"Machine wash cold with like colours using a mild detergent Do not dry clean, iron or bleach Tumble dry low","White polo T-shirt made of 100% polyester, engineered with Dri-Fit technology, has short sleeves, buttoned chest placket, ribbed collar, mesh panels on the sides, armholes and back and appliquéd branding on the left chest",structured=['cotton']; detailed_text=['polyester'],polyester,description,exact_single_fibre_percentage,eligible_exact_single_fibre
40101,Tshirts,ADIDAS Men Navy Blue T-shirt,,"Style Note adidas helps you avoid discomfort by keeping you dry and comfortable. This tee offers you a stylised look that will make sure you look great on your day off. Pair it with a pair of jeans and sports shoes on your day off. Product Details Blue T-shirt, has grey sleeves, round neckline, short sleeves with Adidas patented three stripes on the arm and branding on the left chest Material and Care 100% cotton Machine wash warm with like colours using a mild detergent Do not soak, tumble dry, bleach or dry clean Dry in shade Warm iron do not iron on decorations Size and Fit Regular fit The model (height 6' and shoulders 18"") is wearing a size M",structured=['polyester']; detailed_text=['cotton'],cotton,description,exact_single_fibre_percentage,eligible_exact_single_fibre
59687,Briefs,Avirate Black Boyshort Brief,Blended Hand wash,Black boy shorts Elasticated waist band with a bow and gold toned embellishment 100% cotton gussets,"structured=['elastane', 'nylon']; detailed_text=['cotton']",cotton,description,exact_single_fibre_percentage,eligible_exact_single_fibre
18618,Tshirts,Puma Men Team Essential Moonlight Steelblue Polo Tshirts,,"Composition Grey polo neck T-shirt made of 100% polyester, has short sleeves, ribbed collar, buttoned placket branding on left chest and a vented hem Fit Comfort Wash care Machine was cold Wash separately Do not use softeners, bleach, iron or dry clean Do not allow to lay on itself when wet Line dry German brand puma specialises in minimalism and simplicity. This t-shirt from puma is the kind you can't have enough of. This stylish piece is an off-duty must have, pair it with fitted denims and bright canvas shoes. Model statistics The product is a size M on a model of height 6' and shoulders 18""",structured=['cotton']; detailed_text=['polyester'],polyester,description,exact_single_fibre_percentage,eligible_exact_single_fibre
54302,Bra,Garfield Women Pink & Red Bra,90% polyamide 10% elastane Hand wash gently,"Pink and red, underwired bra, soft padded cups with lace trims and print and brand print bow in the middle, plunging neckline, adjustable straps and three row hook closure Owing to the intimate nature of this product it is eligible for self-ship return only (no pick-up facility)","structured=['elastane', 'polyester']; detailed_text=['elastane', 'nylon']",nylon,materials_care_desc,exact_blend_percentages,known_blend_pending_policy
27604,Trousers,Scullers Men  Khaki Trouser,,"Composition Khaki formal trousers, made of polyester and viscose blend, has a flat front with two pockets on the sides, brand name embroidered beside right pocket on the front, one buttoned welt pocket on the back, metal zip and button closure and has extendable hems Fit Regular fit; Regular rise Wash care Machine wash inside-out separately in warm water Do not bleach Tumble dry low Dry inside out in shade Warm iron These formal trousers from scullers will go a long way in making you the most sophisticated-looking man at any gathering. Made from the choicest fabrics, they are perfectly fitted for office wear and any other formal occasion when you want to look your best without any extra effort. Pair them with a crisp formal shirt and leather shoes. Model statistics The product is a size 32 on a model of height 6' and waist 32""","structured=['cotton']; detailed_text=['polyester', 'viscose']",cotton,article_attributes_fabric,single_fibre_claim_unquantified,main_material_proxy_only
26379,Trousers,Turtle Men Striped Grey Trousers,,"Composition Black and grey trousers made of a polyester/viscose blend, has a flat front, two side pockets, two back pockets with button closures, comfortable waistband with belt loops, and a zipper and button closure on the front Fit Regular Wash care Delicate cold wash Hang to dry in shade Iron with medium heat Do not bleach Take formal dressing to the next level in this pair of polyviscose trousers from turtle. The fabric falls neatly, offering all day comfort. Pair it with a crisp formal shirt, a blazer, stylish cufflinks and leather shoes. Model statistics Product is a size 32 on a model of height 6' waist 32"" and hips 40""","structured=['cotton']; detailed_text=['polyester', 'viscose']",cotton,article_attributes_fabric,single_fibre_claim_unquantified,main_material_proxy_only
26384,Trousers,Turtle Men Black Trousers,,"Composition Black trousers made of a polyester/viscose blend, has a flat front, two side pockets, two back pockets with button closures, comfortable waistband with belt loops, and a zipper and button closure on the front Fit Classic Wash care Delicate cold wash Hang to dry in shade Iron with medium heat Do not bleach Take formal dressing to the next level in this pair of polyviscose trousers from turtle. The fabric falls neatly, offering all day comfort. Pair it with a crisp formal shirt, a blazer, stylish cufflinks and leather shoes. Model statistics Product is a size 32 on a model of height 6' waist 32"" and hips 40""","structured=['cotton']; detailed_text=['polyester', 'viscose']",cotton,article_attributes_fabric,single_fibre_claim_unquantified,main_material_proxy_only
26383,Trousers,Turtle Men Check Black Trousers,,"Composition Black check trousers made of a polyester/viscose blend, has a flat front, two side pockets, two back pockets with button closures, comfortable waistband with belt loops, and a zipper and button closure on the front Fit Regular Wash care Delicate cold wash Hang to dry in shade Iron with medium heat Do not bleach Take formal dressing to the next level in this pair of polyviscose trousers from turtle. The fabric falls neatly, offering all day comfort. Pair it with a crisp formal shirt, a blazer, stylish cufflinks and leather shoes. Model statistics Product is a size 32 on a model of height 6' waist 32"" and hips 40""","structured=['cotton']; detailed_text=['polyester', 'viscose']",cotton,article_attributes_fabric,single_fibre_claim_unquantified,main_material_proxy_only
28689,Kurtas,W Women Black Tunic,,"Composition Black round neck tunic made of 100% viscose, has a ruched shoulder detail and straps at the shoulder to knot Fit Regular Wash care Wash dark colours separately Do not bleach Dry inside out in shade Warm iron Every woman needs a stylish tunic in her wardrobe. The USP of w is a simple, elegant silhouette, coupled with modern design details. In this tunic we see the traditional garment in a new avatar with w's innovative styling. For the conservative at heart, this piece can be worn with leggings and delicate sandals. For a boho chick meets rebel style, colour block this with bright capris. Model statistics The product is a size 8 on a model of height 5'8"" and chest 33""",structured=['silk']; detailed_text=['viscose'],viscose,description,exact_single_fibre_percentage,eligible_exact_single_fibre
59083,Bra,Peri Peri Women Black Bra,93% cotton and 7% spandex Hand wash,"Black, underwired brassiere, has seamless cups, bow detail between the cups, adjustable straps and adjustable double hook and eye closure at the back Owing to intimate nature of this product it is eligible for self-ship return only (no pick-up facility)","structured=['elastane', 'nylon']; detailed_text=['cotton', 'elastane']",cotton,materials_care_desc,exact_blend_percentages,known_blend_pending_policy
59686,Briefs,Avirate Purple Boyshort Brief,Blended Hand wash,Purple boy shorts with a pink waistband Elasticated waist band with a bow and gold toned embellishment 100% cotton gussets,"structured=['elastane', 'nylon']; detailed_text=['cotton']",cotton,description,exact_single_fibre_percentage,eligible_exact_single_fibre
4763,Tshirts,ADIDAS Men's Gym Polo Blue Black T-Shirt,,"Composition Dark blue, light blue and black striped polo neck t-shirt made of 100% polyester, with ribbed blue collar and blue twill tape on the inseam of the collar Fitting Comfort Wash care only hand wash gently Do not machine wash Wash with like colours Wash and iron inside out Do not use fabric softener Use mild detergent only Do not iron on motif/print/trims/logo Lightweight and quick drying, this polo neck tee from adidas gives a great comfortable feel and looks stylish too. Engineered with CLIMALITE technology, this tee keeps you dry and comfortable throughout an active day or hectic training schedules. Team this with jeans or chinos and adidas shoes for a round of golf or for an action filled day in the Sports club. Model's statistics The model wears size M in t-shirts Height-6', Shoulders-18""",structured=['cotton']; detailed_text=['polyester'],polyester,description,exact_single_fibre_percentage,eligible_exact_single_fibre
4797,Shorts,ADIDAS Men's Ess Dark Iron Brown Short,,"Composition Iron coloured shorts made of CVC material, welt pockets, drawcord elastic waist, embroidered logo on the left and adidas Essentials 3-Stripes along the length of the legs Fitting Comfort Wash care Wash using water less than 30degree C heat Do not soak Do not tumble dry Do not bleach Dry in shade Flat dry Cool iron Made of durable CVC material, these shorts guarantee high colour-fastness and perfect durability. Ideal for all your fitness, Sports training and competition needs, these adidas shorts are made with a breathable fabric combination that is better than cotton to wick sweat away from your skin and keep you comfortably cool. These adidas shorts have a ventilated design that allow you to focus on performance while you indulge in your favourite sport or fitness activity. While the soft and broad elastic waistband sits snugly, the white strips on the sides allow free and flexible movement. The drawstrings on the inside allow you to create a customised Fit and the deep side pockets can hold your essentials, including an iPod, when you're on the move. Pair it with a ClimaCool t-shirt from Adidas and achieve maximum performance. Model's statistics 1. The model wears trousers, length of 41"" 2. Height-6"", Waist-32""",structured=['polyester']; detailed_text=['elastane'],polyester,article_attributes_fabric,single_fibre_claim_unquantified,main_material_proxy_only
18273,Kurtas,Aneri Women Niti Blue Kurta,,"Composition Blue printed kurta made of 100% cotton, has a mandarin neck with a slit neckline, pin tucks along the slit neckline and on the chest, three-quarter sleeves with pleated piping on the cuffs and a vented hem Fit Regular Wash care Wash in cold water Dry clean only Classic patterning on contemporary styles by aneri creates this kurta for women. Timelessly chic, this piece will never go out of style. Wear it with tonal leggings and pumps for ethnic glam or with form fitting denims and flats for a casual do. Model statistics The product is a size S on a model of height 5'8"" and chest 33""",structured=['silk']; detailed_text=['cotton'],cotton,description,exact_single_fibre_percentage,eligible_exact_single_fibre
27465,Briefs,Jockey Women White Hip Brief,,"Style Note In the past, looking good meant compromising on your comfort, but now, jockey briefs for women aims to change all that. jockey uses a variety of extra comfy and stretchy fabrics to create the most fashionable women's underwear styles. You can be sure that when you wear panties from Jockey, you're choosing all-day comfort. Now, looking good can be comfortable too! Product Details Hip brief that is silky smooth with unique leg treatment Falls just below the natural waistline with no panty line promise Fashionable ultra soft elastic that leaves no marks on your skin Material and Care Elastane stretch fabric Machine wash delicate at 40 degrees with like colours Do not bleach, iron or dry clean Flat dry in shade",structured=['cotton']; detailed_text=['elastane'],cotton,article_attributes_fabric,single_fibre_claim_unquantified,main_material_proxy_only
59688,Briefs,Avirate Magenta Boyshort Brief,Blended Hand wash,Pink boy shorts with a beige waistband Elasticated waist band with a bow and gold toned embellishment 100% cotton gussets,"structured=['elastane', 'nylon']; detailed_text=['cotton']",cotton,description,exact_single_fibre_percentage,eligible_exact_single_fibre
